Workbook

Sheet tp
B1: Identificación del gobierno nacional | I1: Puntaje por pilar | L1: Puntaje por dimensión | O1: Nivel de desarrollo según fuentes secundarias | S1: Puntaje admisible en áreas temáticas destacadas
A2: Ranking | B2: ISO3 | C2: Country | D2: Pais | E2: GIRAI_region | F2: NU_region | G2: UN_subregion | H2: GIRAI | I2: mng | J2: ag | K2: ane | L2: ddhh | M2: gob | N2: cap | O2: sec_mng | P2: sec_ag | Q2: sec_ane | R2: Dimensión mejor puntuada | S2: p70_sesgo | T2: p70_infancia | U2: p70_divers | V2: p70_datpers | W2: p70_genero | X2: p70_suphum | Y2: p70_laboral | Z2: p70_segu | AA2: p70_transp | AB2: areas_mng | AC2: areas_ag | AD2: areas_parlam | AE2: areas_concient | AF2: areas_ane | AG2: academia | AH2: tipo_academia_en | AI2: tipo_academia_es | AJ2: privado | AK2: tipo_privado_en | AL2: tipo_privado_es
A3: 135 | B3: AFG | C3: Afghanistan | D3: Afganistán | E3: Asia y Oceanía | F3: Asia | G3: Asia Meridional | H3: 0.57423038 | I3: 0 | J3: 1.435576 | K3: 0 | L3: 0 | M3: 0 | N3: 3.6366667 | O3: Muy bajo | P3: Muy bajo | Q3: Muy bajo | R3: =XLOOKUP(max(L3:N3),L3:N3,$L$2:$N$2,"",0) -> cap | S3: =IFERROR(__xludf.DUMMYFUNCTION("IF(query(Data!A:M,CONCATENATE(""select Col13 where Col1 = '"",C3,""' and Col8 = 'Bias and Unfair Discrimination'""),0)>70,1,0)"),"#REF!") -> #REF! | T3: =IFERROR(__xludf.DUMMYFUNCTION("IF(query(Data!A:M,CONCATENATE(""select Col13 where Col1 = '"",C3,""' and Col8 = 'Childrens Rights'""),0)>70,1,0)"),"#REF!") -> #REF! | U3: =IFERROR(__xludf.DUMMYFUNCTION("IF(query(Data!A:M,CONCATENATE(""select Col13 where Col1 = '"",C3,""' and Col8 = 'Cultural and Linguistic Diversity'""),0)>70,1,0)"),"#REF!") -> #REF! | V3: =IFERROR(__xludf.DUMMYFUNCTION("IF(query(Data!A:M,CONCATENATE(""select Col13 where Col1 = '"",C3,""' and Col8 = 'Data Protection and Privacy'""),0)>70,1,0)"),"#REF!") -> #REF! | W3: =IFERROR(__xludf.DUMMYFUNCTION("IF(query(Data!A:M,CONCATENATE(""select Col13 where Col1 = '"",C3,""' and Col8 = 'Gender Equality'""),0)>70,1,0)"),"#REF!") -> #REF! | X3: =IFERROR(__xludf.DUMMYFUNCTION("IF(query(Data!A:M,CONCATENATE(""select Col13 where Col1 = '"",C3,""' and Col8 = 'Human Oversight and Determination'""),0)>70,1,0)"),"#REF!") -> #REF! | Y3: =IFERROR(__xludf.DUMMYFUNCTION("IF(query(Data!A:M,CONCATENATE(""select Col13 where Col1 = '"",C3,""' and Col8 = 'Labour Protection and Right to Work'""),0)>70,1,0)"),"#REF!") -> #REF! | Z3: =IFERROR(__xludf.DUMMYFUNCTION("IF(query(Data!A:M,CONCATENATE(""select Col13 where Col1 = '"",C3,""' and Col8 = 'Safety, Accuracy and Reliability'""),0)>70,1,0)"),"#REF!") -> #REF! | AA3: =IFERROR(__xludf.DUMMYFUNCTION("IF(query(Data!A:M,CONCATENATE(""select Col13 where Col1 = '"",C3,""' and Col8 = 'Transparency and Explainability'""),0)>70,1,0)"),"#REF!") -> #REF! | AB3: =COUNTIFS(Data!AF:AF,"1",Data!A:A,C3) -> 0 | AC3: =COUNTIFS(Data!X:X,">0",Data!A:A,C3) -> 0 | AD3: =COUNTIFS(Data!AJ:AJ,"12",Data!A:A,C3) -> 0 | AE3: =COUNTIFS(Data!AJ:AJ,"17",Data!A:A,C3) -> 0 | AF3: =COUNTIFS(Data!Y:Y,">0",Data!A:A,C3) -> 0 | AG3: =IF(COUNTIFS(Data!AO:AO,"1",Data!A:A,C3)>0,"Sí","No") -> No | AH3: =IFERROR(__xludf.DUMMYFUNCTION("IFERROR(query(query(Data!A:BS,CONCATENATE(""select Col50, count(Col49) where Col1 = '"",C3,""' group by Col50"")), CONCATENATE(""select Col1 where Col2 = "",query(query(query(Data!A:BS,CONCATENATE(""select Col50, count(Col49) where Col1 = '"",C3,""' and C"&"ol50 <> 'Other' and Col50 is not null group by Col50"")),""select max(Col2)"",0),""Select *"",0),"" limit 1""),0))"),"") | AI3: =IFERROR(VLOOKUP(AH3,ref!$A:$B,2,FALSE),"") | AJ3: =IF(COUNTIFS(Data!BI:BI,"1",Data!A:A,C3)>0,"Sí","No") -> No | AK3: =IFERROR(__xludf.DUMMYFUNCTION("IFERROR(query(query(Data!A:BS,CONCATENATE(""select Col70, count(Col69) where Col1 = '"",C3,""' group by Col70"")), CONCATENATE(""select Col1 where Col2 = "",query(query(query(Data!A:BS,CONCATENATE(""select Col70, count(Col69) where Col1 = '"",C3,""' and C"&"ol70 <> 'Other' and Col70 is not null group by Col70"")),""select max(Col2)"",0),""Select *"",0),"" limit 1""),0))"),"") | AL3: =IFERROR(VLOOKUP(AK3,ref!$A:$B,2,FALSE),"")
A4: 96 | B4: ALB | C4: Albania | D4: Albania | E4: Europa | F4: Europa | G4: Europa del Sur | H4: 4.0646206 | I4: 3.382572 | J4: 6.0731133 | K4: 1.4117325 | L4: 0.76642857 | M4: 0 | N4: 23.954333 | O4: Alto | P4: Alto | Q4: Alto | R4: =XLOOKUP(max(L4:N4),L4:N4,$L$2:$N$2,"",0) -> cap | S4: =IFERROR(__xludf.DUMMYFUNCTION("IF(query(Data!A:M,CONCATENATE(""select Col13 where Col1 = '"",C4,""' and Col8 = 'Bias and Unfair Discrimination'""),0)>70,1,0)"),"#REF!") -> #REF! | T4: =IFERROR(__xludf.DUMMYFUNCTION("IF(query(Data!A:M,CONCATENATE(""select Col13 where Col1 = '"",C4,""' and Col8 = 'Childrens Rights'""),0)>70,1,0)"),"#REF!") -> #REF! | U4: =IFERROR(__xludf.DUMMYFUNCTION("IF(query(Data!A:M,CONCATENATE(""select Col13 where Col1 = '"",C4,""' and Col8 = 'Cultural and Linguistic Diversity'""),0)>70,1,0)"),"#REF!") -> #REF! | V4: =IFERROR(__xludf.DUMMYFUNCTION("IF(query(Data!A:M,CONCATENATE(""select Col13 where Col1 = '"",C4,""' and Col8 = 'Data Protection and Privacy'""),0)>70,1,0)"),"#REF!") -> #REF! | W4: =IFERROR(__xludf.DUMMYFUNCTION("IF(query(Data!A:M,CONCATENATE(""select Col13 where Col1 = '"",C4,""' and Col8 = 'Gender Equality'""),0)>70,1,0)"),"#REF!") -> #REF! | X4: =IFERROR(__xludf.DUMMYFUNCTION("IF(query(Data!A:M,CONCATENATE(""select Col13 where Col1 = '"",C4,""' and Col8 = 'Human Oversight and Determination'""),0)>70,1,0)"),"#REF!") -> #REF! | Y4: =IFERROR(__xludf.DUMMYFUNCTION("IF(query(Data!A:M,CONCATENATE(""select Col13 where Col1 = '"",C4,""' and Col8 = 'Labour Protection and Right to Work'""),0)>70,1,0)"),"#REF!") -> #REF! | Z4: =IFERROR(__xludf.DUMMYFUNCTION("IF(query(Data!A:M,CONCATENATE(""select Col13 where Col1 = '"",C4,""' and Col8 = 'Safety, Accuracy and Reliability'""),0)>70,1,0)"),"#REF!") -> #REF! | AA4: =IFERROR(__xludf.DUMMYFUNCTION("IF(query(Data!A:M,CONCATENATE(""select Col13 where Col1 = '"",C4,""' and Col8 = 'Transparency and Explainability'""),0)>70,1,0)"),"#REF!") -> #REF! | AB4: =COUNTIFS(Data!AF:AF,"1",Data!A:A,C4) -> 0 | AC4: =COUNTIFS(Data!X:X,">0",Data!A:A,C4) -> 0 | AD4: =COUNTIFS(Data!AJ:AJ,"12",Data!A:A,C4) -> 0 | AE4: =COUNTIFS(Data!AJ:AJ,"17",Data!A:A,C4) -> 0 | AF4: =COUNTIFS(Data!Y:Y,">0",Data!A:A,C4) -> 0 | AG4: =IF(COUNTIFS(Data!AO:AO,"1",Data!A:A,C4)>0,"Sí","No") -> No | AH4: =IFERROR(__xludf.DUMMYFUNCTION("IFERROR(query(query(Data!A:BS,CONCATENATE(""select Col50, count(Col49) where Col1 = '"",C4,""' group by Col50"")), CONCATENATE(""select Col1 where Col2 = "",query(query(query(Data!A:BS,CONCATENATE(""select Col50, count(Col49) where Col1 = '"",C4,""' and C"&"ol50 <> 'Other' and Col50 is not null group by Col50"")),""select max(Col2)"",0),""Select *"",0),"" limit 1""),0))"),"") | AI4: =IFERROR(VLOOKUP(AH4,ref!$A:$B,2,FALSE),"") | AJ4: =IF(COUNTIFS(Data!BI:BI,"1",Data!A:A,C4)>0,"Sí","No") -> No | AK4: =IFERROR(__xludf.DUMMYFUNCTION("IFERROR(query(query(Data!A:BS,CONCATENATE(""select Col70, count(Col69) where Col1 = '"",C4,""' group by Col70"")), CONCATENATE(""select Col1 where Col2 = "",query(query(query(Data!A:BS,CONCATENATE(""select Col70, count(Col69) where Col1 = '"",C4,""' and C"&"ol70 <> 'Other' and Col70 is not null group by Col70"")),""select max(Col2)"",0),""Select *"",0),"" limit 1""),0))"),"") | AL4: =IFERROR(VLOOKUP(AK4,ref!$A:$B,2,FALSE),"")
A5: 2 | B5: DEU | C5: Germany | D5: Alemania | E5: Europa | F5: Europa | G5: Europa Occidental | H5: 82.77013 | I5: 72.687023 | J5: 92.996525 | K5: 82.483553 | L5: 80.301571 | M5: 90.936222 | N5: 64.032 | O5: Muy alto | P5: Muy alto | Q5: Muy alto | R5: =XLOOKUP(max(L5:N5),L5:N5,$L$2:$N$2,"",0) -> gob | S5: =IFERROR(__xludf.DUMMYFUNCTION("IF(query(Data!A:M,CONCATENATE(""select Col13 where Col1 = '"",C5,""' and Col8 = 'Bias and Unfair Discrimination'""),0)>70,1,0)"),"#REF!") -> #REF! | T5: =IFERROR(__xludf.DUMMYFUNCTION("IF(query(Data!A:M,CONCATENATE(""select Col13 where Col1 = '"",C5,""' and Col8 = 'Childrens Rights'""),0)>70,1,0)"),"#REF!") -> #REF! | U5: =IFERROR(__xludf.DUMMYFUNCTION("IF(query(Data!A:M,CONCATENATE(""select Col13 where Col1 = '"",C5,""' and Col8 = 'Cultural and Linguistic Diversity'""),0)>70,1,0)"),"#REF!") -> #REF! | V5: =IFERROR(__xludf.DUMMYFUNCTION("IF(query(Data!A:M,CONCATENATE(""select Col13 where Col1 = '"",C5,""' and Col8 = 'Data Protection and Privacy'""),0)>70,1,0)"),"#REF!") -> #REF! | W5: =IFERROR(__xludf.DUMMYFUNCTION("IF(query(Data!A:M,CONCATENATE(""select Col13 where Col1 = '"",C5,""' and Col8 = 'Gender Equality'""),0)>70,1,0)"),"#REF!") -> #REF! | X5: =IFERROR(__xludf.DUMMYFUNCTION("IF(query(Data!A:M,CONCATENATE(""select Col13 where Col1 = '"",C5,""' and Col8 = 'Human Oversight and Determination'""),0)>70,1,0)"),"#REF!") -> #REF! | Y5: =IFERROR(__xludf.DUMMYFUNCTION("IF(query(Data!A:M,CONCATENATE(""select Col13 where Col1 = '"",C5,""' and Col8 = 'Labour Protection and Right to Work'""),0)>70,1,0)"),"#REF!") -> #REF! | Z5: =IFERROR(__xludf.DUMMYFUNCTION("IF(query(Data!A:M,CONCATENATE(""select Col13 where Col1 = '"",C5,""' and Col8 = 'Safety, Accuracy and Reliability'""),0)>70,1,0)"),"#REF!") -> #REF! | AA5: =IFERROR(__xludf.DUMMYFUNCTION("IF(query(Data!A:M,CONCATENATE(""select Col13 where Col1 = '"",C5,""' and Col8 = 'Transparency and Explainability'""),0)>70,1,0)"),"#REF!") -> #REF! | AB5: =COUNTIFS(Data!AF:AF,"1",Data!A:A,C5) -> 0 | AC5: =COUNTIFS(Data!X:X,">0",Data!A:A,C5) -> 0 | AD5: =COUNTIFS(Data!AJ:AJ,"12",Data!A:A,C5) -> 0 | AE5: =COUNTIFS(Data!AJ:AJ,"17",Data!A:A,C5) -> 0 | AF5: =COUNTIFS(Data!Y:Y,">0",Data!A:A,C5) -> 0 | AG5: =IF(COUNTIFS(Data!AO:AO,"1",Data!A:A,C5)>0,"Sí","No") -> No | AH5: =IFERROR(__xludf.DUMMYFUNCTION("IFERROR(query(query(Data!A:BS,CONCATENATE(""select Col50, count(Col49) where Col1 = '"",C5,""' group by Col50"")), CONCATENATE(""select Col1 where Col2 = "",query(query(query(Data!A:BS,CONCATENATE(""select Col50, count(Col49) where Col1 = '"",C5,""' and C"&"ol50 <> 'Other' and Col50 is not null group by Col50"")),""select max(Col2)"",0),""Select *"",0),"" limit 1""),0))"),"") | AI5: =IFERROR(VLOOKUP(AH5,ref!$A:$B,2,FALSE),"") | AJ5: =IF(COUNTIFS(Data!BI:BI,"1",Data!A:A,C5)>0,"Sí","No") -> No | AK5: =IFERROR(__xludf.DUMMYFUNCTION("IFERROR(query(query(Data!A:BS,CONCATENATE(""select Col70, count(Col69) where Col1 = '"",C5,""' group by Col70"")), CONCATENATE(""select Col1 where Col2 = "",query(query(query(Data!A:BS,CONCATENATE(""select Col70, count(Col69) where Col1 = '"",C5,""' and C"&"ol70 <> 'Other' and Col70 is not null group by Col70"")),""select max(Col2)"",0),""Select *"",0),"" limit 1""),0))"),"") | AL5: =IFERROR(VLOOKUP(AK5,ref!$A:$B,2,FALSE),"")
A6: 91 | B6: ATG | C6: Antigua and Barbuda | D6: Antigua y Barbuda | E6: Caribe | F6: América | G6: América Latina y el Caribe | H6: 4.7158949 | I6: 0 | J6: 9.3843097 | K6: 4.8108553 | L6: 6.0078571 | M6: 2.6415556 | N6: 7.9246667 | O6: Alto | P6: Alto | Q6: Muy alto | R6: =XLOOKUP(max(L6:N6),L6:N6,$L$2:$N$2,"",0) -> cap | S6: =IFERROR(__xludf.DUMMYFUNCTION("IF(query(Data!A:M,CONCATENATE(""select Col13 where Col1 = '"",C6,""' and Col8 = 'Bias and Unfair Discrimination'""),0)>70,1,0)"),"#REF!") -> #REF! | T6: =IFERROR(__xludf.DUMMYFUNCTION("IF(query(Data!A:M,CONCATENATE(""select Col13 where Col1 = '"",C6,""' and Col8 = 'Childrens Rights'""),0)>70,1,0)"),"#REF!") -> #REF! | U6: =IFERROR(__xludf.DUMMYFUNCTION("IF(query(Data!A:M,CONCATENATE(""select Col13 where Col1 = '"",C6,""' and Col8 = 'Cultural and Linguistic Diversity'""),0)>70,1,0)"),"#REF!") -> #REF! | V6: =IFERROR(__xludf.DUMMYFUNCTION("IF(query(Data!A:M,CONCATENATE(""select Col13 where Col1 = '"",C6,""' and Col8 = 'Data Protection and Privacy'""),0)>70,1,0)"),"#REF!") -> #REF! | W6: =IFERROR(__xludf.DUMMYFUNCTION("IF(query(Data!A:M,CONCATENATE(""select Col13 where Col1 = '"",C6,""' and Col8 = 'Gender Equality'""),0)>70,1,0)"),"#REF!") -> #REF! | X6: =IFERROR(__xludf.DUMMYFUNCTION("IF(query(Data!A:M,CONCATENATE(""select Col13 where Col1 = '"",C6,""' and Col8 = 'Human Oversight and Determination'""),0)>70,1,0)"),"#REF!") -> #REF! | Y6: =IFERROR(__xludf.DUMMYFUNCTION("IF(query(Data!A:M,CONCATENATE(""select Col13 where Col1 = '"",C6,""' and Col8 = 'Labour Protection and Right to Work'""),0)>70,1,0)"),"#REF!") -> #REF! | Z6: =IFERROR(__xludf.DUMMYFUNCTION("IF(query(Data!A:M,CONCATENATE(""select Col13 where Col1 = '"",C6,""' and Col8 = 'Safety, Accuracy and Reliability'""),0)>70,1,0)"),"#REF!") -> #REF! | AA6: =IFERROR(__xludf.DUMMYFUNCTION("IF(query(Data!A:M,CONCATENATE(""select Col13 where Col1 = '"",C6,""' and Col8 = 'Transparency and Explainability'""),0)>70,1,0)"),"#REF!") -> #REF! | AB6: =COUNTIFS(Data!AF:AF,"1",Data!A:A,C6) -> 0 | AC6: =COUNTIFS(Data!X:X,">0",Data!A:A,C6) -> 0 | AD6: =COUNTIFS(Data!AJ:AJ,"12",Data!A:A,C6) -> 0 | AE6: =COUNTIFS(Data!AJ:AJ,"17",Data!A:A,C6) -> 0 | AF6: =COUNTIFS(Data!Y:Y,">0",Data!A:A,C6) -> 0 | AG6: =IF(COUNTIFS(Data!AO:AO,"1",Data!A:A,C6)>0,"Sí","No") -> No | AH6: =IFERROR(__xludf.DUMMYFUNCTION("IFERROR(query(query(Data!A:BS,CONCATENATE(""select Col50, count(Col49) where Col1 = '"",C6,""' group by Col50"")), CONCATENATE(""select Col1 where Col2 = "",query(query(query(Data!A:BS,CONCATENATE(""select Col50, count(Col49) where Col1 = '"",C6,""' and C"&"ol50 <> 'Other' and Col50 is not null group by Col50"")),""select max(Col2)"",0),""Select *"",0),"" limit 1""),0))"),"") | AI6: =IFERROR(VLOOKUP(AH6,ref!$A:$B,2,FALSE),"") | AJ6: =IF(COUNTIFS(Data!BI:BI,"1",Data!A:A,C6)>0,"Sí","No") -> No | AK6: =IFERROR(__xludf.DUMMYFUNCTION("IFERROR(query(query(Data!A:BS,CONCATENATE(""select Col70, count(Col69) where Col1 = '"",C6,""' group by Col70"")), CONCATENATE(""select Col1 where Col2 = "",query(query(query(Data!A:BS,CONCATENATE(""select Col70, count(Col69) where Col1 = '"",C6,""' and C"&"ol70 <> 'Other' and Col70 is not null group by Col70"")),""select max(Col2)"",0),""Select *"",0),"" limit 1""),0))"),"") | AL6: =IFERROR(VLOOKUP(AK6,ref!$A:$B,2,FALSE),"")
A7: 40 | B7: SAU | C7: Saudi Arabia | D7: Arabia Saudita | E7: Medio Oriente | F7: Asia | G7: Asia Occidental | H7: 28.947099 | I7: 25.595312 | J7: 42.866186 | K7: 7.8125 | L7: 26.276714 | M7: 27.685444 | N7: 38.962667 | O7: Alto | P7: Alto | Q7: Muy bajo | R7: =XLOOKUP(max(L7:N7),L7:N7,$L$2:$N$2,"",0) -> cap | S7: =IFERROR(__xludf.DUMMYFUNCTION("IF(query(Data!A:M,CONCATENATE(""select Col13 where Col1 = '"",C7,""' and Col8 = 'Bias and Unfair Discrimination'""),0)>70,1,0)"),"#REF!") -> #REF! | T7: =IFERROR(__xludf.DUMMYFUNCTION("IF(query(Data!A:M,CONCATENATE(""select Col13 where Col1 = '"",C7,""' and Col8 = 'Childrens Rights'""),0)>70,1,0)"),"#REF!") -> #REF! | U7: =IFERROR(__xludf.DUMMYFUNCTION("IF(query(Data!A:M,CONCATENATE(""select Col13 where Col1 = '"",C7,""' and Col8 = 'Cultural and Linguistic Diversity'""),0)>70,1,0)"),"#REF!") -> #REF! | V7: =IFERROR(__xludf.DUMMYFUNCTION("IF(query(Data!A:M,CONCATENATE(""select Col13 where Col1 = '"",C7,""' and Col8 = 'Data Protection and Privacy'""),0)>70,1,0)"),"#REF!") -> #REF! | W7: =IFERROR(__xludf.DUMMYFUNCTION("IF(query(Data!A:M,CONCATENATE(""select Col13 where Col1 = '"",C7,""' and Col8 = 'Gender Equality'""),0)>70,1,0)"),"#REF!") -> #REF! | X7: =IFERROR(__xludf.DUMMYFUNCTION("IF(query(Data!A:M,CONCATENATE(""select Col13 where Col1 = '"",C7,""' and Col8 = 'Human Oversight and Determination'""),0)>70,1,0)"),"#REF!") -> #REF! | Y7: =IFERROR(__xludf.DUMMYFUNCTION("IF(query(Data!A:M,CONCATENATE(""select Col13 where Col1 = '"",C7,""' and Col8 = 'Labour Protection and Right to Work'""),0)>70,1,0)"),"#REF!") -> #REF! | Z7: =IFERROR(__xludf.DUMMYFUNCTION("IF(query(Data!A:M,CONCATENATE(""select Col13 where Col1 = '"",C7,""' and Col8 = 'Safety, Accuracy and Reliability'""),0)>70,1,0)"),"#REF!") -> #REF! | AA7: =IFERROR(__xludf.DUMMYFUNCTION("IF(query(Data!A:M,CONCATENATE(""select Col13 where Col1 = '"",C7,""' and Col8 = 'Transparency and Explainability'""),0)>70,1,0)"),"#REF!") -> #REF! | AB7: =COUNTIFS(Data!AF:AF,"1",Data!A:A,C7) -> 0 | AC7: =COUNTIFS(Data!X:X,">0",Data!A:A,C7) -> 0 | AD7: =COUNTIFS(Data!AJ:AJ,"12",Data!A:A,C7) -> 0 | AE7: =COUNTIFS(Data!AJ:AJ,"17",Data!A:A,C7) -> 0 | AF7: =COUNTIFS(Data!Y:Y,">0",Data!A:A,C7) -> 0 | AG7: =IF(COUNTIFS(Data!AO:AO,"1",Data!A:A,C7)>0,"Sí","No") -> No | AH7: =IFERROR(__xludf.DUMMYFUNCTION("IFERROR(query(query(Data!A:BS,CONCATENATE(""select Col50, count(Col49) where Col1 = '"",C7,""' group by Col50"")), CONCATENATE(""select Col1 where Col2 = "",query(query(query(Data!A:BS,CONCATENATE(""select Col50, count(Col49) where Col1 = '"",C7,""' and C"&"ol50 <> 'Other' and Col50 is not null group by Col50"")),""select max(Col2)"",0),""Select *"",0),"" limit 1""),0))"),"") | AI7: =IFERROR(VLOOKUP(AH7,ref!$A:$B,2,FALSE),"") | AJ7: =IF(COUNTIFS(Data!BI:BI,"1",Data!A:A,C7)>0,"Sí","No") -> No | AK7: =IFERROR(__xludf.DUMMYFUNCTION("IFERROR(query(query(Data!A:BS,CONCATENATE(""select Col70, count(Col69) where Col1 = '"",C7,""' group by Col70"")), CONCATENATE(""select Col1 where Col2 = "",query(query(query(Data!A:BS,CONCATENATE(""select Col70, count(Col69) where Col1 = '"",C7,""' and C"&"ol70 <> 'Other' and Col70 is not null group by Col70"")),""select max(Col2)"",0),""Select *"",0),"" limit 1""),0))"),"") | AL7: =IFERROR(VLOOKUP(AK7,ref!$A:$B,2,FALSE),"")
A8: 104 | B8: DZA | C8: Algeria | D8: Argelia | E8: África | F8: África | G8: África del Norte | H8: 2.6618462 | I8: 0 | J8: 4.5301638 | K8: 4.2489035 | L8: 0 | M8: 1.0763333 | N8: 13.629333 | O8: Muy bajo | P8: Bajo | Q8: Bajo | R8: =XLOOKUP(max(L8:N8),L8:N8,$L$2:$N$2,"",0) -> cap | S8: =IFERROR(__xludf.DUMMYFUNCTION("IF(query(Data!A:M,CONCATENATE(""select Col13 where Col1 = '"",C8,""' and Col8 = 'Bias and Unfair Discrimination'""),0)>70,1,0)"),"#REF!") -> #REF! | T8: =IFERROR(__xludf.DUMMYFUNCTION("IF(query(Data!A:M,CONCATENATE(""select Col13 where Col1 = '"",C8,""' and Col8 = 'Childrens Rights'""),0)>70,1,0)"),"#REF!") -> #REF! | U8: =IFERROR(__xludf.DUMMYFUNCTION("IF(query(Data!A:M,CONCATENATE(""select Col13 where Col1 = '"",C8,""' and Col8 = 'Cultural and Linguistic Diversity'""),0)>70,1,0)"),"#REF!") -> #REF! | V8: =IFERROR(__xludf.DUMMYFUNCTION("IF(query(Data!A:M,CONCATENATE(""select Col13 where Col1 = '"",C8,""' and Col8 = 'Data Protection and Privacy'""),0)>70,1,0)"),"#REF!") -> #REF! | W8: =IFERROR(__xludf.DUMMYFUNCTION("IF(query(Data!A:M,CONCATENATE(""select Col13 where Col1 = '"",C8,""' and Col8 = 'Gender Equality'""),0)>70,1,0)"),"#REF!") -> #REF! | X8: =IFERROR(__xludf.DUMMYFUNCTION("IF(query(Data!A:M,CONCATENATE(""select Col13 where Col1 = '"",C8,""' and Col8 = 'Human Oversight and Determination'""),0)>70,1,0)"),"#REF!") -> #REF! | Y8: =IFERROR(__xludf.DUMMYFUNCTION("IF(query(Data!A:M,CONCATENATE(""select Col13 where Col1 = '"",C8,""' and Col8 = 'Labour Protection and Right to Work'""),0)>70,1,0)"),"#REF!") -> #REF! | Z8: =IFERROR(__xludf.DUMMYFUNCTION("IF(query(Data!A:M,CONCATENATE(""select Col13 where Col1 = '"",C8,""' and Col8 = 'Safety, Accuracy and Reliability'""),0)>70,1,0)"),"#REF!") -> #REF! | AA8: =IFERROR(__xludf.DUMMYFUNCTION("IF(query(Data!A:M,CONCATENATE(""select Col13 where Col1 = '"",C8,""' and Col8 = 'Transparency and Explainability'""),0)>70,1,0)"),"#REF!") -> #REF! | AB8: =COUNTIFS(Data!AF:AF,"1",Data!A:A,C8) -> 0 | AC8: =COUNTIFS(Data!X:X,">0",Data!A:A,C8) -> 0 | AD8: =COUNTIFS(Data!AJ:AJ,"12",Data!A:A,C8) -> 0 | AE8: =COUNTIFS(Data!AJ:AJ,"17",Data!A:A,C8) -> 0 | AF8: =COUNTIFS(Data!Y:Y,">0",Data!A:A,C8) -> 0 | AG8: =IF(COUNTIFS(Data!AO:AO,"1",Data!A:A,C8)>0,"Sí","No") -> No | AH8: =IFERROR(__xludf.DUMMYFUNCTION("IFERROR(query(query(Data!A:BS,CONCATENATE(""select Col50, count(Col49) where Col1 = '"",C8,""' group by Col50"")), CONCATENATE(""select Col1 where Col2 = "",query(query(query(Data!A:BS,CONCATENATE(""select Col50, count(Col49) where Col1 = '"",C8,""' and C"&"ol50 <> 'Other' and Col50 is not null group by Col50"")),""select max(Col2)"",0),""Select *"",0),"" limit 1""),0))"),"") | AI8: =IFERROR(VLOOKUP(AH8,ref!$A:$B,2,FALSE),"") | AJ8: =IF(COUNTIFS(Data!BI:BI,"1",Data!A:A,C8)>0,"Sí","No") -> No | AK8: =IFERROR(__xludf.DUMMYFUNCTION("IFERROR(query(query(Data!A:BS,CONCATENATE(""select Col70, count(Col69) where Col1 = '"",C8,""' group by Col70"")), CONCATENATE(""select Col1 where Col2 = "",query(query(query(Data!A:BS,CONCATENATE(""select Col70, count(Col69) where Col1 = '"",C8,""' and C"&"ol70 <> 'Other' and Col70 is not null group by Col70"")),""select max(Col2)"",0),""Select *"",0),"" limit 1""),0))"),"") | AL8: =IFERROR(VLOOKUP(AK8,ref!$A:$B,2,FALSE),"")
A9: 54 | B9: ARG | C9: Argentina | D9: Argentina | E9: América del Sur y Central | F9: América | G9: América Latina y el Caribe | H9: 21.953223 | I9: 10.48649 | J9: 29.470581 | K9: 29.851974 | L9: 25.725 | M9: 18.413333 | N9: 23.772333 | O9: Bajo | P9: Medio | Q9: Muy alto | R9: =XLOOKUP(max(L9:N9),L9:N9,$L$2:$N$2,"",0) -> ddhh | S9: =IFERROR(__xludf.DUMMYFUNCTION("IF(query(Data!A:M,CONCATENATE(""select Col13 where Col1 = '"",C9,""' and Col8 = 'Bias and Unfair Discrimination'""),0)>70,1,0)"),"#REF!") -> #REF! | T9: =IFERROR(__xludf.DUMMYFUNCTION("IF(query(Data!A:M,CONCATENATE(""select Col13 where Col1 = '"",C9,""' and Col8 = 'Childrens Rights'""),0)>70,1,0)"),"#REF!") -> #REF! | U9: =IFERROR(__xludf.DUMMYFUNCTION("IF(query(Data!A:M,CONCATENATE(""select Col13 where Col1 = '"",C9,""' and Col8 = 'Cultural and Linguistic Diversity'""),0)>70,1,0)"),"#REF!") -> #REF! | V9: =IFERROR(__xludf.DUMMYFUNCTION("IF(query(Data!A:M,CONCATENATE(""select Col13 where Col1 = '"",C9,""' and Col8 = 'Data Protection and Privacy'""),0)>70,1,0)"),"#REF!") -> #REF! | W9: =IFERROR(__xludf.DUMMYFUNCTION("IF(query(Data!A:M,CONCATENATE(""select Col13 where Col1 = '"",C9,""' and Col8 = 'Gender Equality'""),0)>70,1,0)"),"#REF!") -> #REF! | X9: =IFERROR(__xludf.DUMMYFUNCTION("IF(query(Data!A:M,CONCATENATE(""select Col13 where Col1 = '"",C9,""' and Col8 = 'Human Oversight and Determination'""),0)>70,1,0)"),"#REF!") -> #REF! | Y9: =IFERROR(__xludf.DUMMYFUNCTION("IF(query(Data!A:M,CONCATENATE(""select Col13 where Col1 = '"",C9,""' and Col8 = 'Labour Protection and Right to Work'""),0)>70,1,0)"),"#REF!") -> #REF! | Z9: =IFERROR(__xludf.DUMMYFUNCTION("IF(query(Data!A:M,CONCATENATE(""select Col13 where Col1 = '"",C9,""' and Col8 = 'Safety, Accuracy and Reliability'""),0)>70,1,0)"),"#REF!") -> #REF! | AA9: =IFERROR(__xludf.DUMMYFUNCTION("IF(query(Data!A:M,CONCATENATE(""select Col13 where Col1 = '"",C9,""' and Col8 = 'Transparency and Explainability'""),0)>70,1,0)"),"#REF!") -> #REF! | AB9: =COUNTIFS(Data!AF:AF,"1",Data!A:A,C9) -> 0 | AC9: =COUNTIFS(Data!X:X,">0",Data!A:A,C9) -> 0 | AD9: =COUNTIFS(Data!AJ:AJ,"12",Data!A:A,C9) -> 0 | AE9: =COUNTIFS(Data!AJ:AJ,"17",Data!A:A,C9) -> 0 | AF9: =COUNTIFS(Data!Y:Y,">0",Data!A:A,C9) -> 0 | AG9: =IF(COUNTIFS(Data!AO:AO,"1",Data!A:A,C9)>0,"Sí","No") -> No | AH9: =IFERROR(__xludf.DUMMYFUNCTION("IFERROR(query(query(Data!A:BS,CONCATENATE(""select Col50, count(Col49) where Col1 = '"",C9,""' group by Col50"")), CONCATENATE(""select Col1 where Col2 = "",query(query(query(Data!A:BS,CONCATENATE(""select Col50, count(Col49) where Col1 = '"",C9,""' and C"&"ol50 <> 'Other' and Col50 is not null group by Col50"")),""select max(Col2)"",0),""Select *"",0),"" limit 1""),0))"),"") | AI9: =IFERROR(VLOOKUP(AH9,ref!$A:$B,2,FALSE),"") | AJ9: =IF(COUNTIFS(Data!BI:BI,"1",Data!A:A,C9)>0,"Sí","No") -> No | AK9: =IFERROR(__xludf.DUMMYFUNCTION("IFERROR(query(query(Data!A:BS,CONCATENATE(""select Col70, count(Col69) where Col1 = '"",C9,""' group by Col70"")), CONCATENATE(""select Col1 where Col2 = "",query(query(query(Data!A:BS,CONCATENATE(""select Col70, count(Col69) where Col1 = '"",C9,""' and C"&"ol70 <> 'Other' and Col70 is not null group by Col70"")),""select max(Col2)"",0),""Select *"",0),"" limit 1""),0))"),"") | AL9: =IFERROR(VLOOKUP(AK9,ref!$A:$B,2,FALSE),"")
A10: 101 | B10: ARM | C10: Armenia | D10: Armenia | E10: Asia y Oceanía | F10: Asia | G10: Asia Occidental | H10: 3.2991973 | I10: 0 | J10: 5.7534757 | K10: 4.9890351 | L10: 3.8004286 | M10: 1.58 | N10: 7.2876667 | O10: Alto | P10: Alto | Q10: Alto | R10: =XLOOKUP(max(L10:N10),L10:N10,$L$2:$N$2,"",0) -> cap | S10: =IFERROR(__xludf.DUMMYFUNCTION("IF(query(Data!A:M,CONCATENATE(""select Col13 where Col1 = '"",C10,""' and Col8 = 'Bias and Unfair Discrimination'""),0)>70,1,0)"),"#REF!") -> #REF! | T10: =IFERROR(__xludf.DUMMYFUNCTION("IF(query(Data!A:M,CONCATENATE(""select Col13 where Col1 = '"",C10,""' and Col8 = 'Childrens Rights'""),0)>70,1,0)"),"#REF!") -> #REF! | U10: =IFERROR(__xludf.DUMMYFUNCTION("IF(query(Data!A:M,CONCATENATE(""select Col13 where Col1 = '"",C10,""' and Col8 = 'Cultural and Linguistic Diversity'""),0)>70,1,0)"),"#REF!") -> #REF! | V10: =IFERROR(__xludf.DUMMYFUNCTION("IF(query(Data!A:M,CONCATENATE(""select Col13 where Col1 = '"",C10,""' and Col8 = 'Data Protection and Privacy'""),0)>70,1,0)"),"#REF!") -> #REF! | W10: =IFERROR(__xludf.DUMMYFUNCTION("IF(query(Data!A:M,CONCATENATE(""select Col13 where Col1 = '"",C10,""' and Col8 = 'Gender Equality'""),0)>70,1,0)"),"#REF!") -> #REF! | X10: =IFERROR(__xludf.DUMMYFUNCTION("IF(query(Data!A:M,CONCATENATE(""select Col13 where Col1 = '"",C10,""' and Col8 = 'Human Oversight and Determination'""),0)>70,1,0)"),"#REF!") -> #REF! | Y10: =IFERROR(__xludf.DUMMYFUNCTION("IF(query(Data!A:M,CONCATENATE(""select Col13 where Col1 = '"",C10,""' and Col8 = 'Labour Protection and Right to Work'""),0)>70,1,0)"),"#REF!") -> #REF! | Z10: =IFERROR(__xludf.DUMMYFUNCTION("IF(query(Data!A:M,CONCATENATE(""select Col13 where Col1 = '"",C10,""' and Col8 = 'Safety, Accuracy and Reliability'""),0)>70,1,0)"),"#REF!") -> #REF! | AA10: =IFERROR(__xludf.DUMMYFUNCTION("IF(query(Data!A:M,CONCATENATE(""select Col13 where Col1 = '"",C10,""' and Col8 = 'Transparency and Explainability'""),0)>70,1,0)"),"#REF!") -> #REF! | AB10: =COUNTIFS(Data!AF:AF,"1",Data!A:A,C10) -> 0 | AC10: =COUNTIFS(Data!X:X,">0",Data!A:A,C10) -> 0 | AD10: =COUNTIFS(Data!AJ:AJ,"12",Data!A:A,C10) -> 0 | AE10: =COUNTIFS(Data!AJ:AJ,"17",Data!A:A,C10) -> 0 | AF10: =COUNTIFS(Data!Y:Y,">0",Data!A:A,C10) -> 0 | AG10: =IF(COUNTIFS(Data!AO:AO,"1",Data!A:A,C10)>0,"Sí","No") -> No | AH10: =IFERROR(__xludf.DUMMYFUNCTION("IFERROR(query(query(Data!A:BS,CONCATENATE(""select Col50, count(Col49) where Col1 = '"",C10,""' group by Col50"")), CONCATENATE(""select Col1 where Col2 = "",query(query(query(Data!A:BS,CONCATENATE(""select Col50, count(Col49) where Col1 = '"",C10,""' and"&" Col50 <> 'Other' and Col50 is not null group by Col50"")),""select max(Col2)"",0),""Select *"",0),"" limit 1""),0))"),"") | AI10: =IFERROR(VLOOKUP(AH10,ref!$A:$B,2,FALSE),"") | AJ10: =IF(COUNTIFS(Data!BI:BI,"1",Data!A:A,C10)>0,"Sí","No") -> No | AK10: =IFERROR(__xludf.DUMMYFUNCTION("IFERROR(query(query(Data!A:BS,CONCATENATE(""select Col70, count(Col69) where Col1 = '"",C10,""' group by Col70"")), CONCATENATE(""select Col1 where Col2 = "",query(query(query(Data!A:BS,CONCATENATE(""select Col70, count(Col69) where Col1 = '"",C10,""' and"&" Col70 <> 'Other' and Col70 is not null group by Col70"")),""select max(Col2)"",0),""Select *"",0),"" limit 1""),0))"),"") | AL10: =IFERROR(VLOOKUP(AK10,ref!$A:$B,2,FALSE),"")
A11: 10 | B11: AUS | C11: Australia | D11: Australia | E11: Asia y Oceanía | F11: Oceanía | G11: Australia y Nueva Zelanda | H11: 56.215689 | I11: 34.692569 | J11: 72.437935 | K11: 66.817434 | L11: 71.312286 | M11: 52.672667 | N11: 31.619 | O11: Muy alto | P11: Muy alto | Q11: Muy alto | R11: =XLOOKUP(max(L11:N11),L11:N11,$L$2:$N$2,"",0) -> ddhh | S11: =IFERROR(__xludf.DUMMYFUNCTION("IF(query(Data!A:M,CONCATENATE(""select Col13 where Col1 = '"",C11,""' and Col8 = 'Bias and Unfair Discrimination'""),0)>70,1,0)"),"#REF!") -> #REF! | T11: =IFERROR(__xludf.DUMMYFUNCTION("IF(query(Data!A:M,CONCATENATE(""select Col13 where Col1 = '"",C11,""' and Col8 = 'Childrens Rights'""),0)>70,1,0)"),"#REF!") -> #REF! | U11: =IFERROR(__xludf.DUMMYFUNCTION("IF(query(Data!A:M,CONCATENATE(""select Col13 where Col1 = '"",C11,""' and Col8 = 'Cultural and Linguistic Diversity'""),0)>70,1,0)"),"#REF!") -> #REF! | V11: =IFERROR(__xludf.DUMMYFUNCTION("IF(query(Data!A:M,CONCATENATE(""select Col13 where Col1 = '"",C11,""' and Col8 = 'Data Protection and Privacy'""),0)>70,1,0)"),"#REF!") -> #REF! | W11: =IFERROR(__xludf.DUMMYFUNCTION("IF(query(Data!A:M,CONCATENATE(""select Col13 where Col1 = '"",C11,""' and Col8 = 'Gender Equality'""),0)>70,1,0)"),"#REF!") -> #REF! | X11: =IFERROR(__xludf.DUMMYFUNCTION("IF(query(Data!A:M,CONCATENATE(""select Col13 where Col1 = '"",C11,""' and Col8 = 'Human Oversight and Determination'""),0)>70,1,0)"),"#REF!") -> #REF! | Y11: =IFERROR(__xludf.DUMMYFUNCTION("IF(query(Data!A:M,CONCATENATE(""select Col13 where Col1 = '"",C11,""' and Col8 = 'Labour Protection and Right to Work'""),0)>70,1,0)"),"#REF!") -> #REF! | Z11: =IFERROR(__xludf.DUMMYFUNCTION("IF(query(Data!A:M,CONCATENATE(""select Col13 where Col1 = '"",C11,""' and Col8 = 'Safety, Accuracy and Reliability'""),0)>70,1,0)"),"#REF!") -> #REF! | AA11: =IFERROR(__xludf.DUMMYFUNCTION("IF(query(Data!A:M,CONCATENATE(""select Col13 where Col1 = '"",C11,""' and Col8 = 'Transparency and Explainability'""),0)>70,1,0)"),"#REF!") -> #REF! | AB11: =COUNTIFS(Data!AF:AF,"1",Data!A:A,C11) -> 0 | AC11: =COUNTIFS(Data!X:X,">0",Data!A:A,C11) -> 0 | AD11: =COUNTIFS(Data!AJ:AJ,"12",Data!A:A,C11) -> 0 | AE11: =COUNTIFS(Data!AJ:AJ,"17",Data!A:A,C11) -> 0 | AF11: =COUNTIFS(Data!Y:Y,">0",Data!A:A,C11) -> 0 | AG11: =IF(COUNTIFS(Data!AO:AO,"1",Data!A:A,C11)>0,"Sí","No") -> No | AH11: =IFERROR(__xludf.DUMMYFUNCTION("IFERROR(query(query(Data!A:BS,CONCATENATE(""select Col50, count(Col49) where Col1 = '"",C11,""' group by Col50"")), CONCATENATE(""select Col1 where Col2 = "",query(query(query(Data!A:BS,CONCATENATE(""select Col50, count(Col49) where Col1 = '"",C11,""' and"&" Col50 <> 'Other' and Col50 is not null group by Col50"")),""select max(Col2)"",0),""Select *"",0),"" limit 1""),0))"),"") | AI11: =IFERROR(VLOOKUP(AH11,ref!$A:$B,2,FALSE),"") | AJ11: =IF(COUNTIFS(Data!BI:BI,"1",Data!A:A,C11)>0,"Sí","No") -> No | AK11: =IFERROR(__xludf.DUMMYFUNCTION("IFERROR(query(query(Data!A:BS,CONCATENATE(""select Col70, count(Col69) where Col1 = '"",C11,""' group by Col70"")), CONCATENATE(""select Col1 where Col2 = "",query(query(query(Data!A:BS,CONCATENATE(""select Col70, count(Col69) where Col1 = '"",C11,""' and"&" Col70 <> 'Other' and Col70 is not null group by Col70"")),""select max(Col2)"",0),""Select *"",0),"" limit 1""),0))"),"") | AL11: =IFERROR(VLOOKUP(AK11,ref!$A:$B,2,FALSE),"")
A12: 30 | B12: AUT | C12: Austria | D12: Austria | E12: Europa | F12: Europa | G12: Europa Occidental | H12: 35.762496 | I12: 55.850712 | J12: 26.866932 | K12: 13.377193 | L12: 28.639429 | M12: 37.012333 | N12: 48.633667 | O12: Muy alto | P12: Muy alto | Q12: Muy alto | R12: =XLOOKUP(max(L12:N12),L12:N12,$L$2:$N$2,"",0) -> cap | S12: =IFERROR(__xludf.DUMMYFUNCTION("IF(query(Data!A:M,CONCATENATE(""select Col13 where Col1 = '"",C12,""' and Col8 = 'Bias and Unfair Discrimination'""),0)>70,1,0)"),"#REF!") -> #REF! | T12: =IFERROR(__xludf.DUMMYFUNCTION("IF(query(Data!A:M,CONCATENATE(""select Col13 where Col1 = '"",C12,""' and Col8 = 'Childrens Rights'""),0)>70,1,0)"),"#REF!") -> #REF! | U12: =IFERROR(__xludf.DUMMYFUNCTION("IF(query(Data!A:M,CONCATENATE(""select Col13 where Col1 = '"",C12,""' and Col8 = 'Cultural and Linguistic Diversity'""),0)>70,1,0)"),"#REF!") -> #REF! | V12: =IFERROR(__xludf.DUMMYFUNCTION("IF(query(Data!A:M,CONCATENATE(""select Col13 where Col1 = '"",C12,""' and Col8 = 'Data Protection and Privacy'""),0)>70,1,0)"),"#REF!") -> #REF! | W12: =IFERROR(__xludf.DUMMYFUNCTION("IF(query(Data!A:M,CONCATENATE(""select Col13 where Col1 = '"",C12,""' and Col8 = 'Gender Equality'""),0)>70,1,0)"),"#REF!") -> #REF! | X12: =IFERROR(__xludf.DUMMYFUNCTION("IF(query(Data!A:M,CONCATENATE(""select Col13 where Col1 = '"",C12,""' and Col8 = 'Human Oversight and Determination'""),0)>70,1,0)"),"#REF!") -> #REF! | Y12: =IFERROR(__xludf.DUMMYFUNCTION("IF(query(Data!A:M,CONCATENATE(""select Col13 where Col1 = '"",C12,""' and Col8 = 'Labour Protection and Right to Work'""),0)>70,1,0)"),"#REF!") -> #REF! | Z12: =IFERROR(__xludf.DUMMYFUNCTION("IF(query(Data!A:M,CONCATENATE(""select Col13 where Col1 = '"",C12,""' and Col8 = 'Safety, Accuracy and Reliability'""),0)>70,1,0)"),"#REF!") -> #REF! | AA12: =IFERROR(__xludf.DUMMYFUNCTION("IF(query(Data!A:M,CONCATENATE(""select Col13 where Col1 = '"",C12,""' and Col8 = 'Transparency and Explainability'""),0)>70,1,0)"),"#REF!") -> #REF! | AB12: =COUNTIFS(Data!AF:AF,"1",Data!A:A,C12) -> 0 | AC12: =COUNTIFS(Data!X:X,">0",Data!A:A,C12) -> 0 | AD12: =COUNTIFS(Data!AJ:AJ,"12",Data!A:A,C12) -> 0 | AE12: =COUNTIFS(Data!AJ:AJ,"17",Data!A:A,C12) -> 0 | AF12: =COUNTIFS(Data!Y:Y,">0",Data!A:A,C12) -> 0 | AG12: =IF(COUNTIFS(Data!AO:AO,"1",Data!A:A,C12)>0,"Sí","No") -> No | AH12: =IFERROR(__xludf.DUMMYFUNCTION("IFERROR(query(query(Data!A:BS,CONCATENATE(""select Col50, count(Col49) where Col1 = '"",C12,""' group by Col50"")), CONCATENATE(""select Col1 where Col2 = "",query(query(query(Data!A:BS,CONCATENATE(""select Col50, count(Col49) where Col1 = '"",C12,""' and"&" Col50 <> 'Other' and Col50 is not null group by Col50"")),""select max(Col2)"",0),""Select *"",0),"" limit 1""),0))"),"") | AI12: =IFERROR(VLOOKUP(AH12,ref!$A:$B,2,FALSE),"") | AJ12: =IF(COUNTIFS(Data!BI:BI,"1",Data!A:A,C12)>0,"Sí","No") -> No | AK12: =IFERROR(__xludf.DUMMYFUNCTION("IFERROR(query(query(Data!A:BS,CONCATENATE(""select Col70, count(Col69) where Col1 = '"",C12,""' group by Col70"")), CONCATENATE(""select Col1 where Col2 = "",query(query(query(Data!A:BS,CONCATENATE(""select Col70, count(Col69) where Col1 = '"",C12,""' and"&" Col70 <> 'Other' and Col70 is not null group by Col70"")),""select max(Col2)"",0),""Select *"",0),"" limit 1""),0))"),"") | AL12: =IFERROR(VLOOKUP(AK12,ref!$A:$B,2,FALSE),"")
A13: 88 | B13: AZE | C13: Azerbaijan | D13: Azerbaiyán | E13: Asia y Oceanía | F13: Asia | G13: Asia Occidental | H13: 5.8644282 | I13: 3.703244 | J13: 10.09434 | K13: 1.7269737 | L13: 2.9081429 | M13: 5.2868889 | N13: 14.495 | O13: Medio | P13: Medio | Q13: Muy bajo | R13: =XLOOKUP(max(L13:N13),L13:N13,$L$2:$N$2,"",0) -> cap | S13: =IFERROR(__xludf.DUMMYFUNCTION("IF(query(Data!A:M,CONCATENATE(""select Col13 where Col1 = '"",C13,""' and Col8 = 'Bias and Unfair Discrimination'""),0)>70,1,0)"),"#REF!") -> #REF! | T13: =IFERROR(__xludf.DUMMYFUNCTION("IF(query(Data!A:M,CONCATENATE(""select Col13 where Col1 = '"",C13,""' and Col8 = 'Childrens Rights'""),0)>70,1,0)"),"#REF!") -> #REF! | U13: =IFERROR(__xludf.DUMMYFUNCTION("IF(query(Data!A:M,CONCATENATE(""select Col13 where Col1 = '"",C13,""' and Col8 = 'Cultural and Linguistic Diversity'""),0)>70,1,0)"),"#REF!") -> #REF! | V13: =IFERROR(__xludf.DUMMYFUNCTION("IF(query(Data!A:M,CONCATENATE(""select Col13 where Col1 = '"",C13,""' and Col8 = 'Data Protection and Privacy'""),0)>70,1,0)"),"#REF!") -> #REF! | W13: =IFERROR(__xludf.DUMMYFUNCTION("IF(query(Data!A:M,CONCATENATE(""select Col13 where Col1 = '"",C13,""' and Col8 = 'Gender Equality'""),0)>70,1,0)"),"#REF!") -> #REF! | X13: =IFERROR(__xludf.DUMMYFUNCTION("IF(query(Data!A:M,CONCATENATE(""select Col13 where Col1 = '"",C13,""' and Col8 = 'Human Oversight and Determination'""),0)>70,1,0)"),"#REF!") -> #REF! | Y13: =IFERROR(__xludf.DUMMYFUNCTION("IF(query(Data!A:M,CONCATENATE(""select Col13 where Col1 = '"",C13,""' and Col8 = 'Labour Protection and Right to Work'""),0)>70,1,0)"),"#REF!") -> #REF! | Z13: =IFERROR(__xludf.DUMMYFUNCTION("IF(query(Data!A:M,CONCATENATE(""select Col13 where Col1 = '"",C13,""' and Col8 = 'Safety, Accuracy and Reliability'""),0)>70,1,0)"),"#REF!") -> #REF! | AA13: =IFERROR(__xludf.DUMMYFUNCTION("IF(query(Data!A:M,CONCATENATE(""select Col13 where Col1 = '"",C13,""' and Col8 = 'Transparency and Explainability'""),0)>70,1,0)"),"#REF!") -> #REF! | AB13: =COUNTIFS(Data!AF:AF,"1",Data!A:A,C13) -> 0 | AC13: =COUNTIFS(Data!X:X,">0",Data!A:A,C13) -> 0 | AD13: =COUNTIFS(Data!AJ:AJ,"12",Data!A:A,C13) -> 0 | AE13: =COUNTIFS(Data!AJ:AJ,"17",Data!A:A,C13) -> 0 | AF13: =COUNTIFS(Data!Y:Y,">0",Data!A:A,C13) -> 0 | AG13: =IF(COUNTIFS(Data!AO:AO,"1",Data!A:A,C13)>0,"Sí","No") -> No | AH13: =IFERROR(__xludf.DUMMYFUNCTION("IFERROR(query(query(Data!A:BS,CONCATENATE(""select Col50, count(Col49) where Col1 = '"",C13,""' group by Col50"")), CONCATENATE(""select Col1 where Col2 = "",query(query(query(Data!A:BS,CONCATENATE(""select Col50, count(Col49) where Col1 = '"",C13,""' and"&" Col50 <> 'Other' and Col50 is not null group by Col50"")),""select max(Col2)"",0),""Select *"",0),"" limit 1""),0))"),"") | AI13: =IFERROR(VLOOKUP(AH13,ref!$A:$B,2,FALSE),"") | AJ13: =IF(COUNTIFS(Data!BI:BI,"1",Data!A:A,C13)>0,"Sí","No") -> No | AK13: =IFERROR(__xludf.DUMMYFUNCTION("IFERROR(query(query(Data!A:BS,CONCATENATE(""select Col70, count(Col69) where Col1 = '"",C13,""' group by Col70"")), CONCATENATE(""select Col1 where Col2 = "",query(query(query(Data!A:BS,CONCATENATE(""select Col70, count(Col69) where Col1 = '"",C13,""' and"&" Col70 <> 'Other' and Col70 is not null group by Col70"")),""select max(Col2)"",0),""Select *"",0),"" limit 1""),0))"),"") | AL13: =IFERROR(VLOOKUP(AK13,ref!$A:$B,2,FALSE),"")
A14: 112 | B14: BRB | C14: Barbados | D14: Barbados | E14: Caribe | F14: América | G14: América Latina y el Caribe | H14: 1.9238663 | I14: 0 | J14: 3.9324727 | K14: 1.754386 | L14: 0.95242857 | M14: 0 | N14: 9.9623333 | O14: Alto | P14: Alto | Q14: Muy alto | R14: =XLOOKUP(max(L14:N14),L14:N14,$L$2:$N$2,"",0) -> cap | S14: =IFERROR(__xludf.DUMMYFUNCTION("IF(query(Data!A:M,CONCATENATE(""select Col13 where Col1 = '"",C14,""' and Col8 = 'Bias and Unfair Discrimination'""),0)>70,1,0)"),"#REF!") -> #REF! | T14: =IFERROR(__xludf.DUMMYFUNCTION("IF(query(Data!A:M,CONCATENATE(""select Col13 where Col1 = '"",C14,""' and Col8 = 'Childrens Rights'""),0)>70,1,0)"),"#REF!") -> #REF! | U14: =IFERROR(__xludf.DUMMYFUNCTION("IF(query(Data!A:M,CONCATENATE(""select Col13 where Col1 = '"",C14,""' and Col8 = 'Cultural and Linguistic Diversity'""),0)>70,1,0)"),"#REF!") -> #REF! | V14: =IFERROR(__xludf.DUMMYFUNCTION("IF(query(Data!A:M,CONCATENATE(""select Col13 where Col1 = '"",C14,""' and Col8 = 'Data Protection and Privacy'""),0)>70,1,0)"),"#REF!") -> #REF! | W14: =IFERROR(__xludf.DUMMYFUNCTION("IF(query(Data!A:M,CONCATENATE(""select Col13 where Col1 = '"",C14,""' and Col8 = 'Gender Equality'""),0)>70,1,0)"),"#REF!") -> #REF! | X14: =IFERROR(__xludf.DUMMYFUNCTION("IF(query(Data!A:M,CONCATENATE(""select Col13 where Col1 = '"",C14,""' and Col8 = 'Human Oversight and Determination'""),0)>70,1,0)"),"#REF!") -> #REF! | Y14: =IFERROR(__xludf.DUMMYFUNCTION("IF(query(Data!A:M,CONCATENATE(""select Col13 where Col1 = '"",C14,""' and Col8 = 'Labour Protection and Right to Work'""),0)>70,1,0)"),"#REF!") -> #REF! | Z14: =IFERROR(__xludf.DUMMYFUNCTION("IF(query(Data!A:M,CONCATENATE(""select Col13 where Col1 = '"",C14,""' and Col8 = 'Safety, Accuracy and Reliability'""),0)>70,1,0)"),"#REF!") -> #REF! | AA14: =IFERROR(__xludf.DUMMYFUNCTION("IF(query(Data!A:M,CONCATENATE(""select Col13 where Col1 = '"",C14,""' and Col8 = 'Transparency and Explainability'""),0)>70,1,0)"),"#REF!") -> #REF! | AB14: =COUNTIFS(Data!AF:AF,"1",Data!A:A,C14) -> 0 | AC14: =COUNTIFS(Data!X:X,">0",Data!A:A,C14) -> 0 | AD14: =COUNTIFS(Data!AJ:AJ,"12",Data!A:A,C14) -> 0 | AE14: =COUNTIFS(Data!AJ:AJ,"17",Data!A:A,C14) -> 0 | AF14: =COUNTIFS(Data!Y:Y,">0",Data!A:A,C14) -> 0 | AG14: =IF(COUNTIFS(Data!AO:AO,"1",Data!A:A,C14)>0,"Sí","No") -> No | AH14: =IFERROR(__xludf.DUMMYFUNCTION("IFERROR(query(query(Data!A:BS,CONCATENATE(""select Col50, count(Col49) where Col1 = '"",C14,""' group by Col50"")), CONCATENATE(""select Col1 where Col2 = "",query(query(query(Data!A:BS,CONCATENATE(""select Col50, count(Col49) where Col1 = '"",C14,""' and"&" Col50 <> 'Other' and Col50 is not null group by Col50"")),""select max(Col2)"",0),""Select *"",0),"" limit 1""),0))"),"") | AI14: =IFERROR(VLOOKUP(AH14,ref!$A:$B,2,FALSE),"") | AJ14: =IF(COUNTIFS(Data!BI:BI,"1",Data!A:A,C14)>0,"Sí","No") -> No | AK14: =IFERROR(__xludf.DUMMYFUNCTION("IFERROR(query(query(Data!A:BS,CONCATENATE(""select Col70, count(Col69) where Col1 = '"",C14,""' group by Col70"")), CONCATENATE(""select Col1 where Col2 = "",query(query(query(Data!A:BS,CONCATENATE(""select Col70, count(Col69) where Col1 = '"",C14,""' and"&" Col70 <> 'Other' and Col70 is not null group by Col70"")),""select max(Col2)"",0),""Select *"",0),"" limit 1""),0))"),"") | AL14: =IFERROR(VLOOKUP(AK14,ref!$A:$B,2,FALSE),"")
A15: 78 | B15: BHR | C15: Bahrain | D15: Baréin | E15: Medio Oriente | F15: Asia | G15: Asia Occidental | H15: 8.7129263 | I15: 9.673949 | J15: 10.957051 | K15: 2.3026316 | L15: 9.3751429 | M15: 5.1541111 | N15: 17.844667 | O15: Alto | P15: Alto | Q15: Muy bajo | R15: =XLOOKUP(max(L15:N15),L15:N15,$L$2:$N$2,"",0) -> cap | S15: =IFERROR(__xludf.DUMMYFUNCTION("IF(query(Data!A:M,CONCATENATE(""select Col13 where Col1 = '"",C15,""' and Col8 = 'Bias and Unfair Discrimination'""),0)>70,1,0)"),"#REF!") -> #REF! | T15: =IFERROR(__xludf.DUMMYFUNCTION("IF(query(Data!A:M,CONCATENATE(""select Col13 where Col1 = '"",C15,""' and Col8 = 'Childrens Rights'""),0)>70,1,0)"),"#REF!") -> #REF! | U15: =IFERROR(__xludf.DUMMYFUNCTION("IF(query(Data!A:M,CONCATENATE(""select Col13 where Col1 = '"",C15,""' and Col8 = 'Cultural and Linguistic Diversity'""),0)>70,1,0)"),"#REF!") -> #REF! | V15: =IFERROR(__xludf.DUMMYFUNCTION("IF(query(Data!A:M,CONCATENATE(""select Col13 where Col1 = '"",C15,""' and Col8 = 'Data Protection and Privacy'""),0)>70,1,0)"),"#REF!") -> #REF! | W15: =IFERROR(__xludf.DUMMYFUNCTION("IF(query(Data!A:M,CONCATENATE(""select Col13 where Col1 = '"",C15,""' and Col8 = 'Gender Equality'""),0)>70,1,0)"),"#REF!") -> #REF! | X15: =IFERROR(__xludf.DUMMYFUNCTION("IF(query(Data!A:M,CONCATENATE(""select Col13 where Col1 = '"",C15,""' and Col8 = 'Human Oversight and Determination'""),0)>70,1,0)"),"#REF!") -> #REF! | Y15: =IFERROR(__xludf.DUMMYFUNCTION("IF(query(Data!A:M,CONCATENATE(""select Col13 where Col1 = '"",C15,""' and Col8 = 'Labour Protection and Right to Work'""),0)>70,1,0)"),"#REF!") -> #REF! | Z15: =IFERROR(__xludf.DUMMYFUNCTION("IF(query(Data!A:M,CONCATENATE(""select Col13 where Col1 = '"",C15,""' and Col8 = 'Safety, Accuracy and Reliability'""),0)>70,1,0)"),"#REF!") -> #REF! | AA15: =IFERROR(__xludf.DUMMYFUNCTION("IF(query(Data!A:M,CONCATENATE(""select Col13 where Col1 = '"",C15,""' and Col8 = 'Transparency and Explainability'""),0)>70,1,0)"),"#REF!") -> #REF! | AB15: =COUNTIFS(Data!AF:AF,"1",Data!A:A,C15) -> 0 | AC15: =COUNTIFS(Data!X:X,">0",Data!A:A,C15) -> 0 | AD15: =COUNTIFS(Data!AJ:AJ,"12",Data!A:A,C15) -> 0 | AE15: =COUNTIFS(Data!AJ:AJ,"17",Data!A:A,C15) -> 0 | AF15: =COUNTIFS(Data!Y:Y,">0",Data!A:A,C15) -> 0 | AG15: =IF(COUNTIFS(Data!AO:AO,"1",Data!A:A,C15)>0,"Sí","No") -> No | AH15: =IFERROR(__xludf.DUMMYFUNCTION("IFERROR(query(query(Data!A:BS,CONCATENATE(""select Col50, count(Col49) where Col1 = '"",C15,""' group by Col50"")), CONCATENATE(""select Col1 where Col2 = "",query(query(query(Data!A:BS,CONCATENATE(""select Col50, count(Col49) where Col1 = '"",C15,""' and"&" Col50 <> 'Other' and Col50 is not null group by Col50"")),""select max(Col2)"",0),""Select *"",0),"" limit 1""),0))"),"") | AI15: =IFERROR(VLOOKUP(AH15,ref!$A:$B,2,FALSE),"") | AJ15: =IF(COUNTIFS(Data!BI:BI,"1",Data!A:A,C15)>0,"Sí","No") -> No | AK15: =IFERROR(__xludf.DUMMYFUNCTION("IFERROR(query(query(Data!A:BS,CONCATENATE(""select Col70, count(Col69) where Col1 = '"",C15,""' group by Col70"")), CONCATENATE(""select Col1 where Col2 = "",query(query(query(Data!A:BS,CONCATENATE(""select Col70, count(Col69) where Col1 = '"",C15,""' and"&" Col70 <> 'Other' and Col70 is not null group by Col70"")),""select max(Col2)"",0),""Select *"",0),"" limit 1""),0))"),"") | AL15: =IFERROR(VLOOKUP(AK15,ref!$A:$B,2,FALSE),"")
A16: 24 | B16: BEL | C16: Belgium | D16: Bélgica | E16: Europa | F16: Europa | G16: Europa Occidental | H16: 38.54566 | I16: 57.236842 | J16: 27.134434 | K16: 23.985746 | L16: 40.353143 | M16: 41.619333 | N16: 25.107 | O16: Muy alto | P16: Muy alto | Q16: Muy alto | R16: =XLOOKUP(max(L16:N16),L16:N16,$L$2:$N$2,"",0) -> gob | S16: =IFERROR(__xludf.DUMMYFUNCTION("IF(query(Data!A:M,CONCATENATE(""select Col13 where Col1 = '"",C16,""' and Col8 = 'Bias and Unfair Discrimination'""),0)>70,1,0)"),"#REF!") -> #REF! | T16: =IFERROR(__xludf.DUMMYFUNCTION("IF(query(Data!A:M,CONCATENATE(""select Col13 where Col1 = '"",C16,""' and Col8 = 'Childrens Rights'""),0)>70,1,0)"),"#REF!") -> #REF! | U16: =IFERROR(__xludf.DUMMYFUNCTION("IF(query(Data!A:M,CONCATENATE(""select Col13 where Col1 = '"",C16,""' and Col8 = 'Cultural and Linguistic Diversity'""),0)>70,1,0)"),"#REF!") -> #REF! | V16: =IFERROR(__xludf.DUMMYFUNCTION("IF(query(Data!A:M,CONCATENATE(""select Col13 where Col1 = '"",C16,""' and Col8 = 'Data Protection and Privacy'""),0)>70,1,0)"),"#REF!") -> #REF! | W16: =IFERROR(__xludf.DUMMYFUNCTION("IF(query(Data!A:M,CONCATENATE(""select Col13 where Col1 = '"",C16,""' and Col8 = 'Gender Equality'""),0)>70,1,0)"),"#REF!") -> #REF! | X16: =IFERROR(__xludf.DUMMYFUNCTION("IF(query(Data!A:M,CONCATENATE(""select Col13 where Col1 = '"",C16,""' and Col8 = 'Human Oversight and Determination'""),0)>70,1,0)"),"#REF!") -> #REF! | Y16: =IFERROR(__xludf.DUMMYFUNCTION("IF(query(Data!A:M,CONCATENATE(""select Col13 where Col1 = '"",C16,""' and Col8 = 'Labour Protection and Right to Work'""),0)>70,1,0)"),"#REF!") -> #REF! | Z16: =IFERROR(__xludf.DUMMYFUNCTION("IF(query(Data!A:M,CONCATENATE(""select Col13 where Col1 = '"",C16,""' and Col8 = 'Safety, Accuracy and Reliability'""),0)>70,1,0)"),"#REF!") -> #REF! | AA16: =IFERROR(__xludf.DUMMYFUNCTION("IF(query(Data!A:M,CONCATENATE(""select Col13 where Col1 = '"",C16,""' and Col8 = 'Transparency and Explainability'""),0)>70,1,0)"),"#REF!") -> #REF! | AB16: =COUNTIFS(Data!AF:AF,"1",Data!A:A,C16) -> 0 | AC16: =COUNTIFS(Data!X:X,">0",Data!A:A,C16) -> 0 | AD16: =COUNTIFS(Data!AJ:AJ,"12",Data!A:A,C16) -> 0 | AE16: =COUNTIFS(Data!AJ:AJ,"17",Data!A:A,C16) -> 0 | AF16: =COUNTIFS(Data!Y:Y,">0",Data!A:A,C16) -> 0 | AG16: =IF(COUNTIFS(Data!AO:AO,"1",Data!A:A,C16)>0,"Sí","No") -> No | AH16: =IFERROR(__xludf.DUMMYFUNCTION("IFERROR(query(query(Data!A:BS,CONCATENATE(""select Col50, count(Col49) where Col1 = '"",C16,""' group by Col50"")), CONCATENATE(""select Col1 where Col2 = "",query(query(query(Data!A:BS,CONCATENATE(""select Col50, count(Col49) where Col1 = '"",C16,""' and"&" Col50 <> 'Other' and Col50 is not null group by Col50"")),""select max(Col2)"",0),""Select *"",0),"" limit 1""),0))"),"") | AI16: =IFERROR(VLOOKUP(AH16,ref!$A:$B,2,FALSE),"") | AJ16: =IF(COUNTIFS(Data!BI:BI,"1",Data!A:A,C16)>0,"Sí","No") -> No | AK16: =IFERROR(__xludf.DUMMYFUNCTION("IFERROR(query(query(Data!A:BS,CONCATENATE(""select Col70, count(Col69) where Col1 = '"",C16,""' group by Col70"")), CONCATENATE(""select Col1 where Col2 = "",query(query(query(Data!A:BS,CONCATENATE(""select Col70, count(Col69) where Col1 = '"",C16,""' and"&" Col70 <> 'Other' and Col70 is not null group by Col70"")),""select max(Col2)"",0),""Select *"",0),"" limit 1""),0))"),"") | AL16: =IFERROR(VLOOKUP(AK16,ref!$A:$B,2,FALSE),"")
A17: 102 | B17: BLZ | C17: Belize | D17: Belice | E17: Caribe | F17: América | G17: América Latina y el Caribe | H17: 3.2208292 | I17: 0 | J17: 8.0520731 | K17: 0 | L17: 2.9141429 | M17: 2.2665556 | N17: 6.7996667 | O17: Bajo | P17: Medio | Q17: Muy alto | R17: =XLOOKUP(max(L17:N17),L17:N17,$L$2:$N$2,"",0) -> cap | S17: =IFERROR(__xludf.DUMMYFUNCTION("IF(query(Data!A:M,CONCATENATE(""select Col13 where Col1 = '"",C17,""' and Col8 = 'Bias and Unfair Discrimination'""),0)>70,1,0)"),"#REF!") -> #REF! | T17: =IFERROR(__xludf.DUMMYFUNCTION("IF(query(Data!A:M,CONCATENATE(""select Col13 where Col1 = '"",C17,""' and Col8 = 'Childrens Rights'""),0)>70,1,0)"),"#REF!") -> #REF! | U17: =IFERROR(__xludf.DUMMYFUNCTION("IF(query(Data!A:M,CONCATENATE(""select Col13 where Col1 = '"",C17,""' and Col8 = 'Cultural and Linguistic Diversity'""),0)>70,1,0)"),"#REF!") -> #REF! | V17: =IFERROR(__xludf.DUMMYFUNCTION("IF(query(Data!A:M,CONCATENATE(""select Col13 where Col1 = '"",C17,""' and Col8 = 'Data Protection and Privacy'""),0)>70,1,0)"),"#REF!") -> #REF! | W17: =IFERROR(__xludf.DUMMYFUNCTION("IF(query(Data!A:M,CONCATENATE(""select Col13 where Col1 = '"",C17,""' and Col8 = 'Gender Equality'""),0)>70,1,0)"),"#REF!") -> #REF! | X17: =IFERROR(__xludf.DUMMYFUNCTION("IF(query(Data!A:M,CONCATENATE(""select Col13 where Col1 = '"",C17,""' and Col8 = 'Human Oversight and Determination'""),0)>70,1,0)"),"#REF!") -> #REF! | Y17: =IFERROR(__xludf.DUMMYFUNCTION("IF(query(Data!A:M,CONCATENATE(""select Col13 where Col1 = '"",C17,""' and Col8 = 'Labour Protection and Right to Work'""),0)>70,1,0)"),"#REF!") -> #REF! | Z17: =IFERROR(__xludf.DUMMYFUNCTION("IF(query(Data!A:M,CONCATENATE(""select Col13 where Col1 = '"",C17,""' and Col8 = 'Safety, Accuracy and Reliability'""),0)>70,1,0)"),"#REF!") -> #REF! | AA17: =IFERROR(__xludf.DUMMYFUNCTION("IF(query(Data!A:M,CONCATENATE(""select Col13 where Col1 = '"",C17,""' and Col8 = 'Transparency and Explainability'""),0)>70,1,0)"),"#REF!") -> #REF! | AB17: =COUNTIFS(Data!AF:AF,"1",Data!A:A,C17) -> 0 | AC17: =COUNTIFS(Data!X:X,">0",Data!A:A,C17) -> 0 | AD17: =COUNTIFS(Data!AJ:AJ,"12",Data!A:A,C17) -> 0 | AE17: =COUNTIFS(Data!AJ:AJ,"17",Data!A:A,C17) -> 0 | AF17: =COUNTIFS(Data!Y:Y,">0",Data!A:A,C17) -> 0 | AG17: =IF(COUNTIFS(Data!AO:AO,"1",Data!A:A,C17)>0,"Sí","No") -> No | AH17: =IFERROR(__xludf.DUMMYFUNCTION("IFERROR(query(query(Data!A:BS,CONCATENATE(""select Col50, count(Col49) where Col1 = '"",C17,""' group by Col50"")), CONCATENATE(""select Col1 where Col2 = "",query(query(query(Data!A:BS,CONCATENATE(""select Col50, count(Col49) where Col1 = '"",C17,""' and"&" Col50 <> 'Other' and Col50 is not null group by Col50"")),""select max(Col2)"",0),""Select *"",0),"" limit 1""),0))"),"") | AI17: =IFERROR(VLOOKUP(AH17,ref!$A:$B,2,FALSE),"") | AJ17: =IF(COUNTIFS(Data!BI:BI,"1",Data!A:A,C17)>0,"Sí","No") -> No | AK17: =IFERROR(__xludf.DUMMYFUNCTION("IFERROR(query(query(Data!A:BS,CONCATENATE(""select Col70, count(Col69) where Col1 = '"",C17,""' group by Col70"")), CONCATENATE(""select Col1 where Col2 = "",query(query(query(Data!A:BS,CONCATENATE(""select Col70, count(Col69) where Col1 = '"",C17,""' and"&" Col70 <> 'Other' and Col70 is not null group by Col70"")),""select max(Col2)"",0),""Select *"",0),"" limit 1""),0))"),"") | AL17: =IFERROR(VLOOKUP(AK17,ref!$A:$B,2,FALSE),"")
A18: 53 | B18: BEN | C18: Benin | D18: Benín | E18: África | F18: África | G18: África Subsahariana | H18: 21.958768 | I18: 16.882862 | J18: 22.183466 | K18: 31.661184 | L18: 19.024571 | M18: 22.241444 | N18: 27.957333 | O18: Medio | P18: Alto | Q18: Muy alto | R18: =XLOOKUP(max(L18:N18),L18:N18,$L$2:$N$2,"",0) -> cap | S18: =IFERROR(__xludf.DUMMYFUNCTION("IF(query(Data!A:M,CONCATENATE(""select Col13 where Col1 = '"",C18,""' and Col8 = 'Bias and Unfair Discrimination'""),0)>70,1,0)"),"#REF!") -> #REF! | T18: =IFERROR(__xludf.DUMMYFUNCTION("IF(query(Data!A:M,CONCATENATE(""select Col13 where Col1 = '"",C18,""' and Col8 = 'Childrens Rights'""),0)>70,1,0)"),"#REF!") -> #REF! | U18: =IFERROR(__xludf.DUMMYFUNCTION("IF(query(Data!A:M,CONCATENATE(""select Col13 where Col1 = '"",C18,""' and Col8 = 'Cultural and Linguistic Diversity'""),0)>70,1,0)"),"#REF!") -> #REF! | V18: =IFERROR(__xludf.DUMMYFUNCTION("IF(query(Data!A:M,CONCATENATE(""select Col13 where Col1 = '"",C18,""' and Col8 = 'Data Protection and Privacy'""),0)>70,1,0)"),"#REF!") -> #REF! | W18: =IFERROR(__xludf.DUMMYFUNCTION("IF(query(Data!A:M,CONCATENATE(""select Col13 where Col1 = '"",C18,""' and Col8 = 'Gender Equality'""),0)>70,1,0)"),"#REF!") -> #REF! | X18: =IFERROR(__xludf.DUMMYFUNCTION("IF(query(Data!A:M,CONCATENATE(""select Col13 where Col1 = '"",C18,""' and Col8 = 'Human Oversight and Determination'""),0)>70,1,0)"),"#REF!") -> #REF! | Y18: =IFERROR(__xludf.DUMMYFUNCTION("IF(query(Data!A:M,CONCATENATE(""select Col13 where Col1 = '"",C18,""' and Col8 = 'Labour Protection and Right to Work'""),0)>70,1,0)"),"#REF!") -> #REF! | Z18: =IFERROR(__xludf.DUMMYFUNCTION("IF(query(Data!A:M,CONCATENATE(""select Col13 where Col1 = '"",C18,""' and Col8 = 'Safety, Accuracy and Reliability'""),0)>70,1,0)"),"#REF!") -> #REF! | AA18: =IFERROR(__xludf.DUMMYFUNCTION("IF(query(Data!A:M,CONCATENATE(""select Col13 where Col1 = '"",C18,""' and Col8 = 'Transparency and Explainability'""),0)>70,1,0)"),"#REF!") -> #REF! | AB18: =COUNTIFS(Data!AF:AF,"1",Data!A:A,C18) -> 0 | AC18: =COUNTIFS(Data!X:X,">0",Data!A:A,C18) -> 0 | AD18: =COUNTIFS(Data!AJ:AJ,"12",Data!A:A,C18) -> 0 | AE18: =COUNTIFS(Data!AJ:AJ,"17",Data!A:A,C18) -> 0 | AF18: =COUNTIFS(Data!Y:Y,">0",Data!A:A,C18) -> 0 | AG18: =IF(COUNTIFS(Data!AO:AO,"1",Data!A:A,C18)>0,"Sí","No") -> No | AH18: =IFERROR(__xludf.DUMMYFUNCTION("IFERROR(query(query(Data!A:BS,CONCATENATE(""select Col50, count(Col49) where Col1 = '"",C18,""' group by Col50"")), CONCATENATE(""select Col1 where Col2 = "",query(query(query(Data!A:BS,CONCATENATE(""select Col50, count(Col49) where Col1 = '"",C18,""' and"&" Col50 <> 'Other' and Col50 is not null group by Col50"")),""select max(Col2)"",0),""Select *"",0),"" limit 1""),0))"),"") | AI18: =IFERROR(VLOOKUP(AH18,ref!$A:$B,2,FALSE),"") | AJ18: =IF(COUNTIFS(Data!BI:BI,"1",Data!A:A,C18)>0,"Sí","No") -> No | AK18: =IFERROR(__xludf.DUMMYFUNCTION("IFERROR(query(query(Data!A:BS,CONCATENATE(""select Col70, count(Col69) where Col1 = '"",C18,""' group by Col70"")), CONCATENATE(""select Col1 where Col2 = "",query(query(query(Data!A:BS,CONCATENATE(""select Col70, count(Col69) where Col1 = '"",C18,""' and"&" Col70 <> 'Other' and Col70 is not null group by Col70"")),""select max(Col2)"",0),""Select *"",0),"" limit 1""),0))"),"") | AL18: =IFERROR(VLOOKUP(AK18,ref!$A:$B,2,FALSE),"")
A19: 110 | B19: BLR | C19: Belarus | D19: Bielorrusia | E19: Europa | F19: Europa | G19: Europa del Este | H19: 2.0617759 | I19: 0 | J19: 4.1950099 | K19: 1.9188596 | L19: 0.26042857 | M19: 2.1763333 | N19: 5.9213333 | O19: Muy bajo | P19: Bajo | Q19: Muy bajo | R19: =XLOOKUP(max(L19:N19),L19:N19,$L$2:$N$2,"",0) -> cap | S19: =IFERROR(__xludf.DUMMYFUNCTION("IF(query(Data!A:M,CONCATENATE(""select Col13 where Col1 = '"",C19,""' and Col8 = 'Bias and Unfair Discrimination'""),0)>70,1,0)"),"#REF!") -> #REF! | T19: =IFERROR(__xludf.DUMMYFUNCTION("IF(query(Data!A:M,CONCATENATE(""select Col13 where Col1 = '"",C19,""' and Col8 = 'Childrens Rights'""),0)>70,1,0)"),"#REF!") -> #REF! | U19: =IFERROR(__xludf.DUMMYFUNCTION("IF(query(Data!A:M,CONCATENATE(""select Col13 where Col1 = '"",C19,""' and Col8 = 'Cultural and Linguistic Diversity'""),0)>70,1,0)"),"#REF!") -> #REF! | V19: =IFERROR(__xludf.DUMMYFUNCTION("IF(query(Data!A:M,CONCATENATE(""select Col13 where Col1 = '"",C19,""' and Col8 = 'Data Protection and Privacy'""),0)>70,1,0)"),"#REF!") -> #REF! | W19: =IFERROR(__xludf.DUMMYFUNCTION("IF(query(Data!A:M,CONCATENATE(""select Col13 where Col1 = '"",C19,""' and Col8 = 'Gender Equality'""),0)>70,1,0)"),"#REF!") -> #REF! | X19: =IFERROR(__xludf.DUMMYFUNCTION("IF(query(Data!A:M,CONCATENATE(""select Col13 where Col1 = '"",C19,""' and Col8 = 'Human Oversight and Determination'""),0)>70,1,0)"),"#REF!") -> #REF! | Y19: =IFERROR(__xludf.DUMMYFUNCTION("IF(query(Data!A:M,CONCATENATE(""select Col13 where Col1 = '"",C19,""' and Col8 = 'Labour Protection and Right to Work'""),0)>70,1,0)"),"#REF!") -> #REF! | Z19: =IFERROR(__xludf.DUMMYFUNCTION("IF(query(Data!A:M,CONCATENATE(""select Col13 where Col1 = '"",C19,""' and Col8 = 'Safety, Accuracy and Reliability'""),0)>70,1,0)"),"#REF!") -> #REF! | AA19: =IFERROR(__xludf.DUMMYFUNCTION("IF(query(Data!A:M,CONCATENATE(""select Col13 where Col1 = '"",C19,""' and Col8 = 'Transparency and Explainability'""),0)>70,1,0)"),"#REF!") -> #REF! | AB19: =COUNTIFS(Data!AF:AF,"1",Data!A:A,C19) -> 0 | AC19: =COUNTIFS(Data!X:X,">0",Data!A:A,C19) -> 0 | AD19: =COUNTIFS(Data!AJ:AJ,"12",Data!A:A,C19) -> 0 | AE19: =COUNTIFS(Data!AJ:AJ,"17",Data!A:A,C19) -> 0 | AF19: =COUNTIFS(Data!Y:Y,">0",Data!A:A,C19) -> 0 | AG19: =IF(COUNTIFS(Data!AO:AO,"1",Data!A:A,C19)>0,"Sí","No") -> No | AH19: =IFERROR(__xludf.DUMMYFUNCTION("IFERROR(query(query(Data!A:BS,CONCATENATE(""select Col50, count(Col49) where Col1 = '"",C19,""' group by Col50"")), CONCATENATE(""select Col1 where Col2 = "",query(query(query(Data!A:BS,CONCATENATE(""select Col50, count(Col49) where Col1 = '"",C19,""' and"&" Col50 <> 'Other' and Col50 is not null group by Col50"")),""select max(Col2)"",0),""Select *"",0),"" limit 1""),0))"),"") | AI19: =IFERROR(VLOOKUP(AH19,ref!$A:$B,2,FALSE),"") | AJ19: =IF(COUNTIFS(Data!BI:BI,"1",Data!A:A,C19)>0,"Sí","No") -> No | AK19: =IFERROR(__xludf.DUMMYFUNCTION("IFERROR(query(query(Data!A:BS,CONCATENATE(""select Col70, count(Col69) where Col1 = '"",C19,""' group by Col70"")), CONCATENATE(""select Col1 where Col2 = "",query(query(query(Data!A:BS,CONCATENATE(""select Col70, count(Col69) where Col1 = '"",C19,""' and"&" Col70 <> 'Other' and Col70 is not null group by Col70"")),""select max(Col2)"",0),""Select *"",0),"" limit 1""),0))"),"") | AL19: =IFERROR(VLOOKUP(AK19,ref!$A:$B,2,FALSE),"")
A20: 117 | B20: BOL | C20: Bolivia (Plurinational State of) | D20: Bolivia (Estado Plurinacional de) | E20: América del Sur y Central | F20: América | G20: América Latina y el Caribe | H20: 1.4487752 | I20: 0 | J20: 2.1142627 | K20: 3.0153509 | L20: 1.6368571 | M20: 0 | N20: 5.356 | O20: Muy bajo | P20: Bajo | Q20: Muy alto | R20: =XLOOKUP(max(L20:N20),L20:N20,$L$2:$N$2,"",0) -> cap | S20: =IFERROR(__xludf.DUMMYFUNCTION("IF(query(Data!A:M,CONCATENATE(""select Col13 where Col1 = '"",C20,""' and Col8 = 'Bias and Unfair Discrimination'""),0)>70,1,0)"),"#REF!") -> #REF! | T20: =IFERROR(__xludf.DUMMYFUNCTION("IF(query(Data!A:M,CONCATENATE(""select Col13 where Col1 = '"",C20,""' and Col8 = 'Childrens Rights'""),0)>70,1,0)"),"#REF!") -> #REF! | U20: =IFERROR(__xludf.DUMMYFUNCTION("IF(query(Data!A:M,CONCATENATE(""select Col13 where Col1 = '"",C20,""' and Col8 = 'Cultural and Linguistic Diversity'""),0)>70,1,0)"),"#REF!") -> #REF! | V20: =IFERROR(__xludf.DUMMYFUNCTION("IF(query(Data!A:M,CONCATENATE(""select Col13 where Col1 = '"",C20,""' and Col8 = 'Data Protection and Privacy'""),0)>70,1,0)"),"#REF!") -> #REF! | W20: =IFERROR(__xludf.DUMMYFUNCTION("IF(query(Data!A:M,CONCATENATE(""select Col13 where Col1 = '"",C20,""' and Col8 = 'Gender Equality'""),0)>70,1,0)"),"#REF!") -> #REF! | X20: =IFERROR(__xludf.DUMMYFUNCTION("IF(query(Data!A:M,CONCATENATE(""select Col13 where Col1 = '"",C20,""' and Col8 = 'Human Oversight and Determination'""),0)>70,1,0)"),"#REF!") -> #REF! | Y20: =IFERROR(__xludf.DUMMYFUNCTION("IF(query(Data!A:M,CONCATENATE(""select Col13 where Col1 = '"",C20,""' and Col8 = 'Labour Protection and Right to Work'""),0)>70,1,0)"),"#REF!") -> #REF! | Z20: =IFERROR(__xludf.DUMMYFUNCTION("IF(query(Data!A:M,CONCATENATE(""select Col13 where Col1 = '"",C20,""' and Col8 = 'Safety, Accuracy and Reliability'""),0)>70,1,0)"),"#REF!") -> #REF! | AA20: =IFERROR(__xludf.DUMMYFUNCTION("IF(query(Data!A:M,CONCATENATE(""select Col13 where Col1 = '"",C20,""' and Col8 = 'Transparency and Explainability'""),0)>70,1,0)"),"#REF!") -> #REF! | AB20: =COUNTIFS(Data!AF:AF,"1",Data!A:A,C20) -> 0 | AC20: =COUNTIFS(Data!X:X,">0",Data!A:A,C20) -> 0 | AD20: =COUNTIFS(Data!AJ:AJ,"12",Data!A:A,C20) -> 0 | AE20: =COUNTIFS(Data!AJ:AJ,"17",Data!A:A,C20) -> 0 | AF20: =COUNTIFS(Data!Y:Y,">0",Data!A:A,C20) -> 0 | AG20: =IF(COUNTIFS(Data!AO:AO,"1",Data!A:A,C20)>0,"Sí","No") -> No | AH20: =IFERROR(__xludf.DUMMYFUNCTION("IFERROR(query(query(Data!A:BS,CONCATENATE(""select Col50, count(Col49) where Col1 = '"",C20,""' group by Col50"")), CONCATENATE(""select Col1 where Col2 = "",query(query(query(Data!A:BS,CONCATENATE(""select Col50, count(Col49) where Col1 = '"",C20,""' and"&" Col50 <> 'Other' and Col50 is not null group by Col50"")),""select max(Col2)"",0),""Select *"",0),"" limit 1""),0))"),"") | AI20: =IFERROR(VLOOKUP(AH20,ref!$A:$B,2,FALSE),"") | AJ20: =IF(COUNTIFS(Data!BI:BI,"1",Data!A:A,C20)>0,"Sí","No") -> No | AK20: =IFERROR(__xludf.DUMMYFUNCTION("IFERROR(query(query(Data!A:BS,CONCATENATE(""select Col70, count(Col69) where Col1 = '"",C20,""' group by Col70"")), CONCATENATE(""select Col1 where Col2 = "",query(query(query(Data!A:BS,CONCATENATE(""select Col70, count(Col69) where Col1 = '"",C20,""' and"&" Col70 <> 'Other' and Col70 is not null group by Col70"")),""select max(Col2)"",0),""Select *"",0),"" limit 1""),0))"),"") | AL20: =IFERROR(VLOOKUP(AK20,ref!$A:$B,2,FALSE),"")
A21: 105 | B21: BWA | C21: Botswana | D21: Botsuana | E21: África | F21: África | G21: África Subsahariana | H21: 2.3706554 | I21: 0 | J21: 3.7062438 | K21: 4.4407895 | L21: 0 | M21: 1.875 | N21: 9.389 | O21: Alto | P21: Alto | Q21: Alto | R21: =XLOOKUP(max(L21:N21),L21:N21,$L$2:$N$2,"",0) -> cap | S21: =IFERROR(__xludf.DUMMYFUNCTION("IF(query(Data!A:M,CONCATENATE(""select Col13 where Col1 = '"",C21,""' and Col8 = 'Bias and Unfair Discrimination'""),0)>70,1,0)"),"#REF!") -> #REF! | T21: =IFERROR(__xludf.DUMMYFUNCTION("IF(query(Data!A:M,CONCATENATE(""select Col13 where Col1 = '"",C21,""' and Col8 = 'Childrens Rights'""),0)>70,1,0)"),"#REF!") -> #REF! | U21: =IFERROR(__xludf.DUMMYFUNCTION("IF(query(Data!A:M,CONCATENATE(""select Col13 where Col1 = '"",C21,""' and Col8 = 'Cultural and Linguistic Diversity'""),0)>70,1,0)"),"#REF!") -> #REF! | V21: =IFERROR(__xludf.DUMMYFUNCTION("IF(query(Data!A:M,CONCATENATE(""select Col13 where Col1 = '"",C21,""' and Col8 = 'Data Protection and Privacy'""),0)>70,1,0)"),"#REF!") -> #REF! | W21: =IFERROR(__xludf.DUMMYFUNCTION("IF(query(Data!A:M,CONCATENATE(""select Col13 where Col1 = '"",C21,""' and Col8 = 'Gender Equality'""),0)>70,1,0)"),"#REF!") -> #REF! | X21: =IFERROR(__xludf.DUMMYFUNCTION("IF(query(Data!A:M,CONCATENATE(""select Col13 where Col1 = '"",C21,""' and Col8 = 'Human Oversight and Determination'""),0)>70,1,0)"),"#REF!") -> #REF! | Y21: =IFERROR(__xludf.DUMMYFUNCTION("IF(query(Data!A:M,CONCATENATE(""select Col13 where Col1 = '"",C21,""' and Col8 = 'Labour Protection and Right to Work'""),0)>70,1,0)"),"#REF!") -> #REF! | Z21: =IFERROR(__xludf.DUMMYFUNCTION("IF(query(Data!A:M,CONCATENATE(""select Col13 where Col1 = '"",C21,""' and Col8 = 'Safety, Accuracy and Reliability'""),0)>70,1,0)"),"#REF!") -> #REF! | AA21: =IFERROR(__xludf.DUMMYFUNCTION("IF(query(Data!A:M,CONCATENATE(""select Col13 where Col1 = '"",C21,""' and Col8 = 'Transparency and Explainability'""),0)>70,1,0)"),"#REF!") -> #REF! | AB21: =COUNTIFS(Data!AF:AF,"1",Data!A:A,C21) -> 0 | AC21: =COUNTIFS(Data!X:X,">0",Data!A:A,C21) -> 0 | AD21: =COUNTIFS(Data!AJ:AJ,"12",Data!A:A,C21) -> 0 | AE21: =COUNTIFS(Data!AJ:AJ,"17",Data!A:A,C21) -> 0 | AF21: =COUNTIFS(Data!Y:Y,">0",Data!A:A,C21) -> 0 | AG21: =IF(COUNTIFS(Data!AO:AO,"1",Data!A:A,C21)>0,"Sí","No") -> No | AH21: =IFERROR(__xludf.DUMMYFUNCTION("IFERROR(query(query(Data!A:BS,CONCATENATE(""select Col50, count(Col49) where Col1 = '"",C21,""' group by Col50"")), CONCATENATE(""select Col1 where Col2 = "",query(query(query(Data!A:BS,CONCATENATE(""select Col50, count(Col49) where Col1 = '"",C21,""' and"&" Col50 <> 'Other' and Col50 is not null group by Col50"")),""select max(Col2)"",0),""Select *"",0),"" limit 1""),0))"),"") | AI21: =IFERROR(VLOOKUP(AH21,ref!$A:$B,2,FALSE),"") | AJ21: =IF(COUNTIFS(Data!BI:BI,"1",Data!A:A,C21)>0,"Sí","No") -> No | AK21: =IFERROR(__xludf.DUMMYFUNCTION("IFERROR(query(query(Data!A:BS,CONCATENATE(""select Col70, count(Col69) where Col1 = '"",C21,""' group by Col70"")), CONCATENATE(""select Col1 where Col2 = "",query(query(query(Data!A:BS,CONCATENATE(""select Col70, count(Col69) where Col1 = '"",C21,""' and"&" Col70 <> 'Other' and Col70 is not null group by Col70"")),""select max(Col2)"",0),""Select *"",0),"" limit 1""),0))"),"") | AL21: =IFERROR(VLOOKUP(AK21,ref!$A:$B,2,FALSE),"")
A22: 18 | B22: BRA | C22: Brazil | D22: Brasil | E22: América del Sur y Central | F22: América | G22: América Latina y el Caribe | H22: 44.421342 | I22: 44.55892 | J22: 40.863952 | K22: 51.260965 | L22: 44.852286 | M22: 46.902444 | N22: 35.972 | O22: Medio | P22: Bajo | Q22: Muy alto | R22: =XLOOKUP(max(L22:N22),L22:N22,$L$2:$N$2,"",0) -> gob | S22: =IFERROR(__xludf.DUMMYFUNCTION("IF(query(Data!A:M,CONCATENATE(""select Col13 where Col1 = '"",C22,""' and Col8 = 'Bias and Unfair Discrimination'""),0)>70,1,0)"),"#REF!") -> #REF! | T22: =IFERROR(__xludf.DUMMYFUNCTION("IF(query(Data!A:M,CONCATENATE(""select Col13 where Col1 = '"",C22,""' and Col8 = 'Childrens Rights'""),0)>70,1,0)"),"#REF!") -> #REF! | U22: =IFERROR(__xludf.DUMMYFUNCTION("IF(query(Data!A:M,CONCATENATE(""select Col13 where Col1 = '"",C22,""' and Col8 = 'Cultural and Linguistic Diversity'""),0)>70,1,0)"),"#REF!") -> #REF! | V22: =IFERROR(__xludf.DUMMYFUNCTION("IF(query(Data!A:M,CONCATENATE(""select Col13 where Col1 = '"",C22,""' and Col8 = 'Data Protection and Privacy'""),0)>70,1,0)"),"#REF!") -> #REF! | W22: =IFERROR(__xludf.DUMMYFUNCTION("IF(query(Data!A:M,CONCATENATE(""select Col13 where Col1 = '"",C22,""' and Col8 = 'Gender Equality'""),0)>70,1,0)"),"#REF!") -> #REF! | X22: =IFERROR(__xludf.DUMMYFUNCTION("IF(query(Data!A:M,CONCATENATE(""select Col13 where Col1 = '"",C22,""' and Col8 = 'Human Oversight and Determination'""),0)>70,1,0)"),"#REF!") -> #REF! | Y22: =IFERROR(__xludf.DUMMYFUNCTION("IF(query(Data!A:M,CONCATENATE(""select Col13 where Col1 = '"",C22,""' and Col8 = 'Labour Protection and Right to Work'""),0)>70,1,0)"),"#REF!") -> #REF! | Z22: =IFERROR(__xludf.DUMMYFUNCTION("IF(query(Data!A:M,CONCATENATE(""select Col13 where Col1 = '"",C22,""' and Col8 = 'Safety, Accuracy and Reliability'""),0)>70,1,0)"),"#REF!") -> #REF! | AA22: =IFERROR(__xludf.DUMMYFUNCTION("IF(query(Data!A:M,CONCATENATE(""select Col13 where Col1 = '"",C22,""' and Col8 = 'Transparency and Explainability'""),0)>70,1,0)"),"#REF!") -> #REF! | AB22: =COUNTIFS(Data!AF:AF,"1",Data!A:A,C22) -> 0 | AC22: =COUNTIFS(Data!X:X,">0",Data!A:A,C22) -> 0 | AD22: =COUNTIFS(Data!AJ:AJ,"12",Data!A:A,C22) -> 0 | AE22: =COUNTIFS(Data!AJ:AJ,"17",Data!A:A,C22) -> 0 | AF22: =COUNTIFS(Data!Y:Y,">0",Data!A:A,C22) -> 0 | AG22: =IF(COUNTIFS(Data!AO:AO,"1",Data!A:A,C22)>0,"Sí","No") -> No | AH22: =IFERROR(__xludf.DUMMYFUNCTION("IFERROR(query(query(Data!A:BS,CONCATENATE(""select Col50, count(Col49) where Col1 = '"",C22,""' group by Col50"")), CONCATENATE(""select Col1 where Col2 = "",query(query(query(Data!A:BS,CONCATENATE(""select Col50, count(Col49) where Col1 = '"",C22,""' and"&" Col50 <> 'Other' and Col50 is not null group by Col50"")),""select max(Col2)"",0),""Select *"",0),"" limit 1""),0))"),"") | AI22: =IFERROR(VLOOKUP(AH22,ref!$A:$B,2,FALSE),"") | AJ22: =IF(COUNTIFS(Data!BI:BI,"1",Data!A:A,C22)>0,"Sí","No") -> No | AK22: =IFERROR(__xludf.DUMMYFUNCTION("IFERROR(query(query(Data!A:BS,CONCATENATE(""select Col70, count(Col69) where Col1 = '"",C22,""' group by Col70"")), CONCATENATE(""select Col1 where Col2 = "",query(query(query(Data!A:BS,CONCATENATE(""select Col70, count(Col69) where Col1 = '"",C22,""' and"&" Col70 <> 'Other' and Col70 is not null group by Col70"")),""select max(Col2)"",0),""Select *"",0),"" limit 1""),0))"),"") | AL22: =IFERROR(VLOOKUP(AK22,ref!$A:$B,2,FALSE),"")
A23: 39 | B23: BGR | C23: Bulgaria | D23: Bulgaria | E23: Europa | F23: Europa | G23: Europa del Este | H23: 29.089188 | I23: 33.958127 | J23: 11.96934 | K23: 53.591009 | L23: 26.083571 | M23: 36.733111 | N23: 13.171333 | O23: Alto | P23: Medio | Q23: Muy alto | R23: =XLOOKUP(max(L23:N23),L23:N23,$L$2:$N$2,"",0) -> gob | S23: =IFERROR(__xludf.DUMMYFUNCTION("IF(query(Data!A:M,CONCATENATE(""select Col13 where Col1 = '"",C23,""' and Col8 = 'Bias and Unfair Discrimination'""),0)>70,1,0)"),"#REF!") -> #REF! | T23: =IFERROR(__xludf.DUMMYFUNCTION("IF(query(Data!A:M,CONCATENATE(""select Col13 where Col1 = '"",C23,""' and Col8 = 'Childrens Rights'""),0)>70,1,0)"),"#REF!") -> #REF! | U23: =IFERROR(__xludf.DUMMYFUNCTION("IF(query(Data!A:M,CONCATENATE(""select Col13 where Col1 = '"",C23,""' and Col8 = 'Cultural and Linguistic Diversity'""),0)>70,1,0)"),"#REF!") -> #REF! | V23: =IFERROR(__xludf.DUMMYFUNCTION("IF(query(Data!A:M,CONCATENATE(""select Col13 where Col1 = '"",C23,""' and Col8 = 'Data Protection and Privacy'""),0)>70,1,0)"),"#REF!") -> #REF! | W23: =IFERROR(__xludf.DUMMYFUNCTION("IF(query(Data!A:M,CONCATENATE(""select Col13 where Col1 = '"",C23,""' and Col8 = 'Gender Equality'""),0)>70,1,0)"),"#REF!") -> #REF! | X23: =IFERROR(__xludf.DUMMYFUNCTION("IF(query(Data!A:M,CONCATENATE(""select Col13 where Col1 = '"",C23,""' and Col8 = 'Human Oversight and Determination'""),0)>70,1,0)"),"#REF!") -> #REF! | Y23: =IFERROR(__xludf.DUMMYFUNCTION("IF(query(Data!A:M,CONCATENATE(""select Col13 where Col1 = '"",C23,""' and Col8 = 'Labour Protection and Right to Work'""),0)>70,1,0)"),"#REF!") -> #REF! | Z23: =IFERROR(__xludf.DUMMYFUNCTION("IF(query(Data!A:M,CONCATENATE(""select Col13 where Col1 = '"",C23,""' and Col8 = 'Safety, Accuracy and Reliability'""),0)>70,1,0)"),"#REF!") -> #REF! | AA23: =IFERROR(__xludf.DUMMYFUNCTION("IF(query(Data!A:M,CONCATENATE(""select Col13 where Col1 = '"",C23,""' and Col8 = 'Transparency and Explainability'""),0)>70,1,0)"),"#REF!") -> #REF! | AB23: =COUNTIFS(Data!AF:AF,"1",Data!A:A,C23) -> 0 | AC23: =COUNTIFS(Data!X:X,">0",Data!A:A,C23) -> 0 | AD23: =COUNTIFS(Data!AJ:AJ,"12",Data!A:A,C23) -> 0 | AE23: =COUNTIFS(Data!AJ:AJ,"17",Data!A:A,C23) -> 0 | AF23: =COUNTIFS(Data!Y:Y,">0",Data!A:A,C23) -> 0 | AG23: =IF(COUNTIFS(Data!AO:AO,"1",Data!A:A,C23)>0,"Sí","No") -> No | AH23: =IFERROR(__xludf.DUMMYFUNCTION("IFERROR(query(query(Data!A:BS,CONCATENATE(""select Col50, count(Col49) where Col1 = '"",C23,""' group by Col50"")), CONCATENATE(""select Col1 where Col2 = "",query(query(query(Data!A:BS,CONCATENATE(""select Col50, count(Col49) where Col1 = '"",C23,""' and"&" Col50 <> 'Other' and Col50 is not null group by Col50"")),""select max(Col2)"",0),""Select *"",0),"" limit 1""),0))"),"") | AI23: =IFERROR(VLOOKUP(AH23,ref!$A:$B,2,FALSE),"") | AJ23: =IF(COUNTIFS(Data!BI:BI,"1",Data!A:A,C23)>0,"Sí","No") -> No | AK23: =IFERROR(__xludf.DUMMYFUNCTION("IFERROR(query(query(Data!A:BS,CONCATENATE(""select Col70, count(Col69) where Col1 = '"",C23,""' group by Col70"")), CONCATENATE(""select Col1 where Col2 = "",query(query(query(Data!A:BS,CONCATENATE(""select Col70, count(Col69) where Col1 = '"",C23,""' and"&" Col70 <> 'Other' and Col70 is not null group by Col70"")),""select max(Col2)"",0),""Select *"",0),"" limit 1""),0))"),"") | AL23: =IFERROR(VLOOKUP(AK23,ref!$A:$B,2,FALSE),"")
A24: 107 | B24: BFA | C24: Burkina Faso | D24: Burkina Faso | E24: África | F24: África | G24: África Subsahariana | H24: 2.2368111 | I24: 2.5539971 | J24: 2.482932 | K24: 1.1101974 | L24: 3.3755714 | M24: 0 | N24: 6.29 | O24: Bajo | P24: Medio | Q24: Alto | R24: =XLOOKUP(max(L24:N24),L24:N24,$L$2:$N$2,"",0) -> cap | S24: =IFERROR(__xludf.DUMMYFUNCTION("IF(query(Data!A:M,CONCATENATE(""select Col13 where Col1 = '"",C24,""' and Col8 = 'Bias and Unfair Discrimination'""),0)>70,1,0)"),"#REF!") -> #REF! | T24: =IFERROR(__xludf.DUMMYFUNCTION("IF(query(Data!A:M,CONCATENATE(""select Col13 where Col1 = '"",C24,""' and Col8 = 'Childrens Rights'""),0)>70,1,0)"),"#REF!") -> #REF! | U24: =IFERROR(__xludf.DUMMYFUNCTION("IF(query(Data!A:M,CONCATENATE(""select Col13 where Col1 = '"",C24,""' and Col8 = 'Cultural and Linguistic Diversity'""),0)>70,1,0)"),"#REF!") -> #REF! | V24: =IFERROR(__xludf.DUMMYFUNCTION("IF(query(Data!A:M,CONCATENATE(""select Col13 where Col1 = '"",C24,""' and Col8 = 'Data Protection and Privacy'""),0)>70,1,0)"),"#REF!") -> #REF! | W24: =IFERROR(__xludf.DUMMYFUNCTION("IF(query(Data!A:M,CONCATENATE(""select Col13 where Col1 = '"",C24,""' and Col8 = 'Gender Equality'""),0)>70,1,0)"),"#REF!") -> #REF! | X24: =IFERROR(__xludf.DUMMYFUNCTION("IF(query(Data!A:M,CONCATENATE(""select Col13 where Col1 = '"",C24,""' and Col8 = 'Human Oversight and Determination'""),0)>70,1,0)"),"#REF!") -> #REF! | Y24: =IFERROR(__xludf.DUMMYFUNCTION("IF(query(Data!A:M,CONCATENATE(""select Col13 where Col1 = '"",C24,""' and Col8 = 'Labour Protection and Right to Work'""),0)>70,1,0)"),"#REF!") -> #REF! | Z24: =IFERROR(__xludf.DUMMYFUNCTION("IF(query(Data!A:M,CONCATENATE(""select Col13 where Col1 = '"",C24,""' and Col8 = 'Safety, Accuracy and Reliability'""),0)>70,1,0)"),"#REF!") -> #REF! | AA24: =IFERROR(__xludf.DUMMYFUNCTION("IF(query(Data!A:M,CONCATENATE(""select Col13 where Col1 = '"",C24,""' and Col8 = 'Transparency and Explainability'""),0)>70,1,0)"),"#REF!") -> #REF! | AB24: =COUNTIFS(Data!AF:AF,"1",Data!A:A,C24) -> 0 | AC24: =COUNTIFS(Data!X:X,">0",Data!A:A,C24) -> 0 | AD24: =COUNTIFS(Data!AJ:AJ,"12",Data!A:A,C24) -> 0 | AE24: =COUNTIFS(Data!AJ:AJ,"17",Data!A:A,C24) -> 0 | AF24: =COUNTIFS(Data!Y:Y,">0",Data!A:A,C24) -> 0 | AG24: =IF(COUNTIFS(Data!AO:AO,"1",Data!A:A,C24)>0,"Sí","No") -> No | AH24: =IFERROR(__xludf.DUMMYFUNCTION("IFERROR(query(query(Data!A:BS,CONCATENATE(""select Col50, count(Col49) where Col1 = '"",C24,""' group by Col50"")), CONCATENATE(""select Col1 where Col2 = "",query(query(query(Data!A:BS,CONCATENATE(""select Col50, count(Col49) where Col1 = '"",C24,""' and"&" Col50 <> 'Other' and Col50 is not null group by Col50"")),""select max(Col2)"",0),""Select *"",0),"" limit 1""),0))"),"") | AI24: =IFERROR(VLOOKUP(AH24,ref!$A:$B,2,FALSE),"") | AJ24: =IF(COUNTIFS(Data!BI:BI,"1",Data!A:A,C24)>0,"Sí","No") -> No | AK24: =IFERROR(__xludf.DUMMYFUNCTION("IFERROR(query(query(Data!A:BS,CONCATENATE(""select Col70, count(Col69) where Col1 = '"",C24,""' group by Col70"")), CONCATENATE(""select Col1 where Col2 = "",query(query(query(Data!A:BS,CONCATENATE(""select Col70, count(Col69) where Col1 = '"",C24,""' and"&" Col70 <> 'Other' and Col70 is not null group by Col70"")),""select max(Col2)"",0),""Select *"",0),"" limit 1""),0))"),"") | AL24: =IFERROR(VLOOKUP(AK24,ref!$A:$B,2,FALSE),"")
A25: 130 | B25: BDI | C25: Burundi | D25: Burundi | E25: África | F25: África | G25: África Subsahariana | H25: 0.70916087 | I25: 0 | J25: 1.4439548 | K25: 0.65789474 | L25: 0 | M25: 0 | N25: 4.4913333 | O25: Muy bajo | P25: Muy bajo | Q25: Muy bajo | R25: =XLOOKUP(max(L25:N25),L25:N25,$L$2:$N$2,"",0) -> cap | S25: =IFERROR(__xludf.DUMMYFUNCTION("IF(query(Data!A:M,CONCATENATE(""select Col13 where Col1 = '"",C25,""' and Col8 = 'Bias and Unfair Discrimination'""),0)>70,1,0)"),"#REF!") -> #REF! | T25: =IFERROR(__xludf.DUMMYFUNCTION("IF(query(Data!A:M,CONCATENATE(""select Col13 where Col1 = '"",C25,""' and Col8 = 'Childrens Rights'""),0)>70,1,0)"),"#REF!") -> #REF! | U25: =IFERROR(__xludf.DUMMYFUNCTION("IF(query(Data!A:M,CONCATENATE(""select Col13 where Col1 = '"",C25,""' and Col8 = 'Cultural and Linguistic Diversity'""),0)>70,1,0)"),"#REF!") -> #REF! | V25: =IFERROR(__xludf.DUMMYFUNCTION("IF(query(Data!A:M,CONCATENATE(""select Col13 where Col1 = '"",C25,""' and Col8 = 'Data Protection and Privacy'""),0)>70,1,0)"),"#REF!") -> #REF! | W25: =IFERROR(__xludf.DUMMYFUNCTION("IF(query(Data!A:M,CONCATENATE(""select Col13 where Col1 = '"",C25,""' and Col8 = 'Gender Equality'""),0)>70,1,0)"),"#REF!") -> #REF! | X25: =IFERROR(__xludf.DUMMYFUNCTION("IF(query(Data!A:M,CONCATENATE(""select Col13 where Col1 = '"",C25,""' and Col8 = 'Human Oversight and Determination'""),0)>70,1,0)"),"#REF!") -> #REF! | Y25: =IFERROR(__xludf.DUMMYFUNCTION("IF(query(Data!A:M,CONCATENATE(""select Col13 where Col1 = '"",C25,""' and Col8 = 'Labour Protection and Right to Work'""),0)>70,1,0)"),"#REF!") -> #REF! | Z25: =IFERROR(__xludf.DUMMYFUNCTION("IF(query(Data!A:M,CONCATENATE(""select Col13 where Col1 = '"",C25,""' and Col8 = 'Safety, Accuracy and Reliability'""),0)>70,1,0)"),"#REF!") -> #REF! | AA25: =IFERROR(__xludf.DUMMYFUNCTION("IF(query(Data!A:M,CONCATENATE(""select Col13 where Col1 = '"",C25,""' and Col8 = 'Transparency and Explainability'""),0)>70,1,0)"),"#REF!") -> #REF! | AB25: =COUNTIFS(Data!AF:AF,"1",Data!A:A,C25) -> 0 | AC25: =COUNTIFS(Data!X:X,">0",Data!A:A,C25) -> 0 | AD25: =COUNTIFS(Data!AJ:AJ,"12",Data!A:A,C25) -> 0 | AE25: =COUNTIFS(Data!AJ:AJ,"17",Data!A:A,C25) -> 0 | AF25: =COUNTIFS(Data!Y:Y,">0",Data!A:A,C25) -> 0 | AG25: =IF(COUNTIFS(Data!AO:AO,"1",Data!A:A,C25)>0,"Sí","No") -> No | AH25: =IFERROR(__xludf.DUMMYFUNCTION("IFERROR(query(query(Data!A:BS,CONCATENATE(""select Col50, count(Col49) where Col1 = '"",C25,""' group by Col50"")), CONCATENATE(""select Col1 where Col2 = "",query(query(query(Data!A:BS,CONCATENATE(""select Col50, count(Col49) where Col1 = '"",C25,""' and"&" Col50 <> 'Other' and Col50 is not null group by Col50"")),""select max(Col2)"",0),""Select *"",0),"" limit 1""),0))"),"") | AI25: =IFERROR(VLOOKUP(AH25,ref!$A:$B,2,FALSE),"") | AJ25: =IF(COUNTIFS(Data!BI:BI,"1",Data!A:A,C25)>0,"Sí","No") -> No | AK25: =IFERROR(__xludf.DUMMYFUNCTION("IFERROR(query(query(Data!A:BS,CONCATENATE(""select Col70, count(Col69) where Col1 = '"",C25,""' group by Col70"")), CONCATENATE(""select Col1 where Col2 = "",query(query(query(Data!A:BS,CONCATENATE(""select Col70, count(Col69) where Col1 = '"",C25,""' and"&" Col70 <> 'Other' and Col70 is not null group by Col70"")),""select max(Col2)"",0),""Select *"",0),"" limit 1""),0))"),"") | AL25: =IFERROR(VLOOKUP(AK25,ref!$A:$B,2,FALSE),"")
A26: 113 | B26: BTN | C26: Bhutan | D26: Bután | E26: Asia y Oceanía | F26: Asia | G26: Asia Meridional | H26: 1.8346367 | I26: 0 | J26: 4.0246399 | K26: 1.1239035 | L26: 0.61014286 | M26: 0 | N26: 10.195667 | O26: Alto | P26: Alto | Q26: Alto | R26: =XLOOKUP(max(L26:N26),L26:N26,$L$2:$N$2,"",0) -> cap | S26: =IFERROR(__xludf.DUMMYFUNCTION("IF(query(Data!A:M,CONCATENATE(""select Col13 where Col1 = '"",C26,""' and Col8 = 'Bias and Unfair Discrimination'""),0)>70,1,0)"),"#REF!") -> #REF! | T26: =IFERROR(__xludf.DUMMYFUNCTION("IF(query(Data!A:M,CONCATENATE(""select Col13 where Col1 = '"",C26,""' and Col8 = 'Childrens Rights'""),0)>70,1,0)"),"#REF!") -> #REF! | U26: =IFERROR(__xludf.DUMMYFUNCTION("IF(query(Data!A:M,CONCATENATE(""select Col13 where Col1 = '"",C26,""' and Col8 = 'Cultural and Linguistic Diversity'""),0)>70,1,0)"),"#REF!") -> #REF! | V26: =IFERROR(__xludf.DUMMYFUNCTION("IF(query(Data!A:M,CONCATENATE(""select Col13 where Col1 = '"",C26,""' and Col8 = 'Data Protection and Privacy'""),0)>70,1,0)"),"#REF!") -> #REF! | W26: =IFERROR(__xludf.DUMMYFUNCTION("IF(query(Data!A:M,CONCATENATE(""select Col13 where Col1 = '"",C26,""' and Col8 = 'Gender Equality'""),0)>70,1,0)"),"#REF!") -> #REF! | X26: =IFERROR(__xludf.DUMMYFUNCTION("IF(query(Data!A:M,CONCATENATE(""select Col13 where Col1 = '"",C26,""' and Col8 = 'Human Oversight and Determination'""),0)>70,1,0)"),"#REF!") -> #REF! | Y26: =IFERROR(__xludf.DUMMYFUNCTION("IF(query(Data!A:M,CONCATENATE(""select Col13 where Col1 = '"",C26,""' and Col8 = 'Labour Protection and Right to Work'""),0)>70,1,0)"),"#REF!") -> #REF! | Z26: =IFERROR(__xludf.DUMMYFUNCTION("IF(query(Data!A:M,CONCATENATE(""select Col13 where Col1 = '"",C26,""' and Col8 = 'Safety, Accuracy and Reliability'""),0)>70,1,0)"),"#REF!") -> #REF! | AA26: =IFERROR(__xludf.DUMMYFUNCTION("IF(query(Data!A:M,CONCATENATE(""select Col13 where Col1 = '"",C26,""' and Col8 = 'Transparency and Explainability'""),0)>70,1,0)"),"#REF!") -> #REF! | AB26: =COUNTIFS(Data!AF:AF,"1",Data!A:A,C26) -> 0 | AC26: =COUNTIFS(Data!X:X,">0",Data!A:A,C26) -> 0 | AD26: =COUNTIFS(Data!AJ:AJ,"12",Data!A:A,C26) -> 0 | AE26: =COUNTIFS(Data!AJ:AJ,"17",Data!A:A,C26) -> 0 | AF26: =COUNTIFS(Data!Y:Y,">0",Data!A:A,C26) -> 0 | AG26: =IF(COUNTIFS(Data!AO:AO,"1",Data!A:A,C26)>0,"Sí","No") -> No | AH26: =IFERROR(__xludf.DUMMYFUNCTION("IFERROR(query(query(Data!A:BS,CONCATENATE(""select Col50, count(Col49) where Col1 = '"",C26,""' group by Col50"")), CONCATENATE(""select Col1 where Col2 = "",query(query(query(Data!A:BS,CONCATENATE(""select Col50, count(Col49) where Col1 = '"",C26,""' and"&" Col50 <> 'Other' and Col50 is not null group by Col50"")),""select max(Col2)"",0),""Select *"",0),"" limit 1""),0))"),"") | AI26: =IFERROR(VLOOKUP(AH26,ref!$A:$B,2,FALSE),"") | AJ26: =IF(COUNTIFS(Data!BI:BI,"1",Data!A:A,C26)>0,"Sí","No") -> No | AK26: =IFERROR(__xludf.DUMMYFUNCTION("IFERROR(query(query(Data!A:BS,CONCATENATE(""select Col70, count(Col69) where Col1 = '"",C26,""' group by Col70"")), CONCATENATE(""select Col1 where Col2 = "",query(query(query(Data!A:BS,CONCATENATE(""select Col70, count(Col69) where Col1 = '"",C26,""' and"&" Col70 <> 'Other' and Col70 is not null group by Col70"")),""select max(Col2)"",0),""Select *"",0),"" limit 1""),0))"),"") | AL26: =IFERROR(VLOOKUP(AK26,ref!$A:$B,2,FALSE),"")
A27: 71 | B27: KHM | C27: Cambodia | D27: Camboya | E27: Asia y Oceanía | F27: Asia | G27: Sudeste Asiático | H27: 11.257013 | I27: 8.9126118 | J27: 16.557225 | K27: 5.3453947 | L27: 14.148286 | M27: 7.108 | N27: 16.957667 | O27: Bajo | P27: Bajo | Q27: Medio | R27: =XLOOKUP(max(L27:N27),L27:N27,$L$2:$N$2,"",0) -> cap | S27: =IFERROR(__xludf.DUMMYFUNCTION("IF(query(Data!A:M,CONCATENATE(""select Col13 where Col1 = '"",C27,""' and Col8 = 'Bias and Unfair Discrimination'""),0)>70,1,0)"),"#REF!") -> #REF! | T27: =IFERROR(__xludf.DUMMYFUNCTION("IF(query(Data!A:M,CONCATENATE(""select Col13 where Col1 = '"",C27,""' and Col8 = 'Childrens Rights'""),0)>70,1,0)"),"#REF!") -> #REF! | U27: =IFERROR(__xludf.DUMMYFUNCTION("IF(query(Data!A:M,CONCATENATE(""select Col13 where Col1 = '"",C27,""' and Col8 = 'Cultural and Linguistic Diversity'""),0)>70,1,0)"),"#REF!") -> #REF! | V27: =IFERROR(__xludf.DUMMYFUNCTION("IF(query(Data!A:M,CONCATENATE(""select Col13 where Col1 = '"",C27,""' and Col8 = 'Data Protection and Privacy'""),0)>70,1,0)"),"#REF!") -> #REF! | W27: =IFERROR(__xludf.DUMMYFUNCTION("IF(query(Data!A:M,CONCATENATE(""select Col13 where Col1 = '"",C27,""' and Col8 = 'Gender Equality'""),0)>70,1,0)"),"#REF!") -> #REF! | X27: =IFERROR(__xludf.DUMMYFUNCTION("IF(query(Data!A:M,CONCATENATE(""select Col13 where Col1 = '"",C27,""' and Col8 = 'Human Oversight and Determination'""),0)>70,1,0)"),"#REF!") -> #REF! | Y27: =IFERROR(__xludf.DUMMYFUNCTION("IF(query(Data!A:M,CONCATENATE(""select Col13 where Col1 = '"",C27,""' and Col8 = 'Labour Protection and Right to Work'""),0)>70,1,0)"),"#REF!") -> #REF! | Z27: =IFERROR(__xludf.DUMMYFUNCTION("IF(query(Data!A:M,CONCATENATE(""select Col13 where Col1 = '"",C27,""' and Col8 = 'Safety, Accuracy and Reliability'""),0)>70,1,0)"),"#REF!") -> #REF! | AA27: =IFERROR(__xludf.DUMMYFUNCTION("IF(query(Data!A:M,CONCATENATE(""select Col13 where Col1 = '"",C27,""' and Col8 = 'Transparency and Explainability'""),0)>70,1,0)"),"#REF!") -> #REF! | AB27: =COUNTIFS(Data!AF:AF,"1",Data!A:A,C27) -> 0 | AC27: =COUNTIFS(Data!X:X,">0",Data!A:A,C27) -> 0 | AD27: =COUNTIFS(Data!AJ:AJ,"12",Data!A:A,C27) -> 0 | AE27: =COUNTIFS(Data!AJ:AJ,"17",Data!A:A,C27) -> 0 | AF27: =COUNTIFS(Data!Y:Y,">0",Data!A:A,C27) -> 0 | AG27: =IF(COUNTIFS(Data!AO:AO,"1",Data!A:A,C27)>0,"Sí","No") -> No | AH27: =IFERROR(__xludf.DUMMYFUNCTION("IFERROR(query(query(Data!A:BS,CONCATENATE(""select Col50, count(Col49) where Col1 = '"",C27,""' group by Col50"")), CONCATENATE(""select Col1 where Col2 = "",query(query(query(Data!A:BS,CONCATENATE(""select Col50, count(Col49) where Col1 = '"",C27,""' and"&" Col50 <> 'Other' and Col50 is not null group by Col50"")),""select max(Col2)"",0),""Select *"",0),"" limit 1""),0))"),"") | AI27: =IFERROR(VLOOKUP(AH27,ref!$A:$B,2,FALSE),"") | AJ27: =IF(COUNTIFS(Data!BI:BI,"1",Data!A:A,C27)>0,"Sí","No") -> No | AK27: =IFERROR(__xludf.DUMMYFUNCTION("IFERROR(query(query(Data!A:BS,CONCATENATE(""select Col70, count(Col69) where Col1 = '"",C27,""' group by Col70"")), CONCATENATE(""select Col1 where Col2 = "",query(query(query(Data!A:BS,CONCATENATE(""select Col70, count(Col69) where Col1 = '"",C27,""' and"&" Col70 <> 'Other' and Col70 is not null group by Col70"")),""select max(Col2)"",0),""Select *"",0),"" limit 1""),0))"),"") | AL27: =IFERROR(VLOOKUP(AK27,ref!$A:$B,2,FALSE),"")
A28: 97 | B28: CMR | C28: Cameroon | D28: Camerún | E28: África | F28: África | G28: África Subsahariana | H28: 4.0357911 | I28: 0 | J28: 5.4568023 | K28: 9.2653509 | L28: 5.5981429 | M28: 2.6847778 | N28: 4.4433333 | O28: Muy bajo | P28: Muy bajo | Q28: Bajo | R28: =XLOOKUP(max(L28:N28),L28:N28,$L$2:$N$2,"",0) -> ddhh | S28: =IFERROR(__xludf.DUMMYFUNCTION("IF(query(Data!A:M,CONCATENATE(""select Col13 where Col1 = '"",C28,""' and Col8 = 'Bias and Unfair Discrimination'""),0)>70,1,0)"),"#REF!") -> #REF! | T28: =IFERROR(__xludf.DUMMYFUNCTION("IF(query(Data!A:M,CONCATENATE(""select Col13 where Col1 = '"",C28,""' and Col8 = 'Childrens Rights'""),0)>70,1,0)"),"#REF!") -> #REF! | U28: =IFERROR(__xludf.DUMMYFUNCTION("IF(query(Data!A:M,CONCATENATE(""select Col13 where Col1 = '"",C28,""' and Col8 = 'Cultural and Linguistic Diversity'""),0)>70,1,0)"),"#REF!") -> #REF! | V28: =IFERROR(__xludf.DUMMYFUNCTION("IF(query(Data!A:M,CONCATENATE(""select Col13 where Col1 = '"",C28,""' and Col8 = 'Data Protection and Privacy'""),0)>70,1,0)"),"#REF!") -> #REF! | W28: =IFERROR(__xludf.DUMMYFUNCTION("IF(query(Data!A:M,CONCATENATE(""select Col13 where Col1 = '"",C28,""' and Col8 = 'Gender Equality'""),0)>70,1,0)"),"#REF!") -> #REF! | X28: =IFERROR(__xludf.DUMMYFUNCTION("IF(query(Data!A:M,CONCATENATE(""select Col13 where Col1 = '"",C28,""' and Col8 = 'Human Oversight and Determination'""),0)>70,1,0)"),"#REF!") -> #REF! | Y28: =IFERROR(__xludf.DUMMYFUNCTION("IF(query(Data!A:M,CONCATENATE(""select Col13 where Col1 = '"",C28,""' and Col8 = 'Labour Protection and Right to Work'""),0)>70,1,0)"),"#REF!") -> #REF! | Z28: =IFERROR(__xludf.DUMMYFUNCTION("IF(query(Data!A:M,CONCATENATE(""select Col13 where Col1 = '"",C28,""' and Col8 = 'Safety, Accuracy and Reliability'""),0)>70,1,0)"),"#REF!") -> #REF! | AA28: =IFERROR(__xludf.DUMMYFUNCTION("IF(query(Data!A:M,CONCATENATE(""select Col13 where Col1 = '"",C28,""' and Col8 = 'Transparency and Explainability'""),0)>70,1,0)"),"#REF!") -> #REF! | AB28: =COUNTIFS(Data!AF:AF,"1",Data!A:A,C28) -> 0 | AC28: =COUNTIFS(Data!X:X,">0",Data!A:A,C28) -> 0 | AD28: =COUNTIFS(Data!AJ:AJ,"12",Data!A:A,C28) -> 0 | AE28: =COUNTIFS(Data!AJ:AJ,"17",Data!A:A,C28) -> 0 | AF28: =COUNTIFS(Data!Y:Y,">0",Data!A:A,C28) -> 0 | AG28: =IF(COUNTIFS(Data!AO:AO,"1",Data!A:A,C28)>0,"Sí","No") -> No | AH28: =IFERROR(__xludf.DUMMYFUNCTION("IFERROR(query(query(Data!A:BS,CONCATENATE(""select Col50, count(Col49) where Col1 = '"",C28,""' group by Col50"")), CONCATENATE(""select Col1 where Col2 = "",query(query(query(Data!A:BS,CONCATENATE(""select Col50, count(Col49) where Col1 = '"",C28,""' and"&" Col50 <> 'Other' and Col50 is not null group by Col50"")),""select max(Col2)"",0),""Select *"",0),"" limit 1""),0))"),"") | AI28: =IFERROR(VLOOKUP(AH28,ref!$A:$B,2,FALSE),"") | AJ28: =IF(COUNTIFS(Data!BI:BI,"1",Data!A:A,C28)>0,"Sí","No") -> No | AK28: =IFERROR(__xludf.DUMMYFUNCTION("IFERROR(query(query(Data!A:BS,CONCATENATE(""select Col70, count(Col69) where Col1 = '"",C28,""' group by Col70"")), CONCATENATE(""select Col1 where Col2 = "",query(query(query(Data!A:BS,CONCATENATE(""select Col70, count(Col69) where Col1 = '"",C28,""' and"&" Col70 <> 'Other' and Col70 is not null group by Col70"")),""select max(Col2)"",0),""Select *"",0),"" limit 1""),0))"),"") | AL28: =IFERROR(VLOOKUP(AK28,ref!$A:$B,2,FALSE),"")
A29: 9 | B29: CAN | C29: Canada | D29: Canadá | E29: América del Norte | F29: América | G29: América del Norte | H29: 57.392016 | I29: 37.797915 | J29: 80.839746 | K29: 49.684759 | L29: 55.368286 | M29: 59.075556 | N29: 57.064 | O29: Muy alto | P29: Muy alto | Q29: Muy alto | R29: =XLOOKUP(max(L29:N29),L29:N29,$L$2:$N$2,"",0) -> gob | S29: =IFERROR(__xludf.DUMMYFUNCTION("IF(query(Data!A:M,CONCATENATE(""select Col13 where Col1 = '"",C29,""' and Col8 = 'Bias and Unfair Discrimination'""),0)>70,1,0)"),"#REF!") -> #REF! | T29: =IFERROR(__xludf.DUMMYFUNCTION("IF(query(Data!A:M,CONCATENATE(""select Col13 where Col1 = '"",C29,""' and Col8 = 'Childrens Rights'""),0)>70,1,0)"),"#REF!") -> #REF! | U29: =IFERROR(__xludf.DUMMYFUNCTION("IF(query(Data!A:M,CONCATENATE(""select Col13 where Col1 = '"",C29,""' and Col8 = 'Cultural and Linguistic Diversity'""),0)>70,1,0)"),"#REF!") -> #REF! | V29: =IFERROR(__xludf.DUMMYFUNCTION("IF(query(Data!A:M,CONCATENATE(""select Col13 where Col1 = '"",C29,""' and Col8 = 'Data Protection and Privacy'""),0)>70,1,0)"),"#REF!") -> #REF! | W29: =IFERROR(__xludf.DUMMYFUNCTION("IF(query(Data!A:M,CONCATENATE(""select Col13 where Col1 = '"",C29,""' and Col8 = 'Gender Equality'""),0)>70,1,0)"),"#REF!") -> #REF! | X29: =IFERROR(__xludf.DUMMYFUNCTION("IF(query(Data!A:M,CONCATENATE(""select Col13 where Col1 = '"",C29,""' and Col8 = 'Human Oversight and Determination'""),0)>70,1,0)"),"#REF!") -> #REF! | Y29: =IFERROR(__xludf.DUMMYFUNCTION("IF(query(Data!A:M,CONCATENATE(""select Col13 where Col1 = '"",C29,""' and Col8 = 'Labour Protection and Right to Work'""),0)>70,1,0)"),"#REF!") -> #REF! | Z29: =IFERROR(__xludf.DUMMYFUNCTION("IF(query(Data!A:M,CONCATENATE(""select Col13 where Col1 = '"",C29,""' and Col8 = 'Safety, Accuracy and Reliability'""),0)>70,1,0)"),"#REF!") -> #REF! | AA29: =IFERROR(__xludf.DUMMYFUNCTION("IF(query(Data!A:M,CONCATENATE(""select Col13 where Col1 = '"",C29,""' and Col8 = 'Transparency and Explainability'""),0)>70,1,0)"),"#REF!") -> #REF! | AB29: =COUNTIFS(Data!AF:AF,"1",Data!A:A,C29) -> 0 | AC29: =COUNTIFS(Data!X:X,">0",Data!A:A,C29) -> 0 | AD29: =COUNTIFS(Data!AJ:AJ,"12",Data!A:A,C29) -> 0 | AE29: =COUNTIFS(Data!AJ:AJ,"17",Data!A:A,C29) -> 0 | AF29: =COUNTIFS(Data!Y:Y,">0",Data!A:A,C29) -> 0 | AG29: =IF(COUNTIFS(Data!AO:AO,"1",Data!A:A,C29)>0,"Sí","No") -> No | AH29: =IFERROR(__xludf.DUMMYFUNCTION("IFERROR(query(query(Data!A:BS,CONCATENATE(""select Col50, count(Col49) where Col1 = '"",C29,""' group by Col50"")), CONCATENATE(""select Col1 where Col2 = "",query(query(query(Data!A:BS,CONCATENATE(""select Col50, count(Col49) where Col1 = '"",C29,""' and"&" Col50 <> 'Other' and Col50 is not null group by Col50"")),""select max(Col2)"",0),""Select *"",0),"" limit 1""),0))"),"") | AI29: =IFERROR(VLOOKUP(AH29,ref!$A:$B,2,FALSE),"") | AJ29: =IF(COUNTIFS(Data!BI:BI,"1",Data!A:A,C29)>0,"Sí","No") -> No | AK29: =IFERROR(__xludf.DUMMYFUNCTION("IFERROR(query(query(Data!A:BS,CONCATENATE(""select Col70, count(Col69) where Col1 = '"",C29,""' group by Col70"")), CONCATENATE(""select Col1 where Col2 = "",query(query(query(Data!A:BS,CONCATENATE(""select Col70, count(Col69) where Col1 = '"",C29,""' and"&" Col70 <> 'Other' and Col70 is not null group by Col70"")),""select max(Col2)"",0),""Select *"",0),"" limit 1""),0))"),"") | AL29: =IFERROR(VLOOKUP(AK29,ref!$A:$B,2,FALSE),"")
A30: 37 | B30: QAT | C30: Qatar | D30: Catar | E30: Medio Oriente | F30: Asia | G30: Asia Occidental | H30: 29.83863 | I30: 27.908805 | J30: 38.327024 | K30: 16.721491 | L30: 42.663429 | M30: 17.442333 | N30: 37.103333 | O30: Alto | P30: Muy alto | Q30: Bajo | R30: =XLOOKUP(max(L30:N30),L30:N30,$L$2:$N$2,"",0) -> ddhh | S30: =IFERROR(__xludf.DUMMYFUNCTION("IF(query(Data!A:M,CONCATENATE(""select Col13 where Col1 = '"",C30,""' and Col8 = 'Bias and Unfair Discrimination'""),0)>70,1,0)"),"#REF!") -> #REF! | T30: =IFERROR(__xludf.DUMMYFUNCTION("IF(query(Data!A:M,CONCATENATE(""select Col13 where Col1 = '"",C30,""' and Col8 = 'Childrens Rights'""),0)>70,1,0)"),"#REF!") -> #REF! | U30: =IFERROR(__xludf.DUMMYFUNCTION("IF(query(Data!A:M,CONCATENATE(""select Col13 where Col1 = '"",C30,""' and Col8 = 'Cultural and Linguistic Diversity'""),0)>70,1,0)"),"#REF!") -> #REF! | V30: =IFERROR(__xludf.DUMMYFUNCTION("IF(query(Data!A:M,CONCATENATE(""select Col13 where Col1 = '"",C30,""' and Col8 = 'Data Protection and Privacy'""),0)>70,1,0)"),"#REF!") -> #REF! | W30: =IFERROR(__xludf.DUMMYFUNCTION("IF(query(Data!A:M,CONCATENATE(""select Col13 where Col1 = '"",C30,""' and Col8 = 'Gender Equality'""),0)>70,1,0)"),"#REF!") -> #REF! | X30: =IFERROR(__xludf.DUMMYFUNCTION("IF(query(Data!A:M,CONCATENATE(""select Col13 where Col1 = '"",C30,""' and Col8 = 'Human Oversight and Determination'""),0)>70,1,0)"),"#REF!") -> #REF! | Y30: =IFERROR(__xludf.DUMMYFUNCTION("IF(query(Data!A:M,CONCATENATE(""select Col13 where Col1 = '"",C30,""' and Col8 = 'Labour Protection and Right to Work'""),0)>70,1,0)"),"#REF!") -> #REF! | Z30: =IFERROR(__xludf.DUMMYFUNCTION("IF(query(Data!A:M,CONCATENATE(""select Col13 where Col1 = '"",C30,""' and Col8 = 'Safety, Accuracy and Reliability'""),0)>70,1,0)"),"#REF!") -> #REF! | AA30: =IFERROR(__xludf.DUMMYFUNCTION("IF(query(Data!A:M,CONCATENATE(""select Col13 where Col1 = '"",C30,""' and Col8 = 'Transparency and Explainability'""),0)>70,1,0)"),"#REF!") -> #REF! | AB30: =COUNTIFS(Data!AF:AF,"1",Data!A:A,C30) -> 0 | AC30: =COUNTIFS(Data!X:X,">0",Data!A:A,C30) -> 0 | AD30: =COUNTIFS(Data!AJ:AJ,"12",Data!A:A,C30) -> 0 | AE30: =COUNTIFS(Data!AJ:AJ,"17",Data!A:A,C30) -> 0 | AF30: =COUNTIFS(Data!Y:Y,">0",Data!A:A,C30) -> 0 | AG30: =IF(COUNTIFS(Data!AO:AO,"1",Data!A:A,C30)>0,"Sí","No") -> No | AH30: =IFERROR(__xludf.DUMMYFUNCTION("IFERROR(query(query(Data!A:BS,CONCATENATE(""select Col50, count(Col49) where Col1 = '"",C30,""' group by Col50"")), CONCATENATE(""select Col1 where Col2 = "",query(query(query(Data!A:BS,CONCATENATE(""select Col50, count(Col49) where Col1 = '"",C30,""' and"&" Col50 <> 'Other' and Col50 is not null group by Col50"")),""select max(Col2)"",0),""Select *"",0),"" limit 1""),0))"),"") | AI30: =IFERROR(VLOOKUP(AH30,ref!$A:$B,2,FALSE),"") | AJ30: =IF(COUNTIFS(Data!BI:BI,"1",Data!A:A,C30)>0,"Sí","No") -> No | AK30: =IFERROR(__xludf.DUMMYFUNCTION("IFERROR(query(query(Data!A:BS,CONCATENATE(""select Col70, count(Col69) where Col1 = '"",C30,""' group by Col70"")), CONCATENATE(""select Col1 where Col2 = "",query(query(query(Data!A:BS,CONCATENATE(""select Col70, count(Col69) where Col1 = '"",C30,""' and"&" Col70 <> 'Other' and Col70 is not null group by Col70"")),""select max(Col2)"",0),""Select *"",0),"" limit 1""),0))"),"") | AL30: =IFERROR(VLOOKUP(AK30,ref!$A:$B,2,FALSE),"")
A31: 120 | B31: TCD | C31: Chad | D31: Chad | E31: África | F31: África | G31: África Subsahariana | H31: 1.1981132 | I31: 0 | J31: 2.995283 | K31: 0 | L31: 0 | M31: 0 | N31: 7.588 | O31: Muy bajo | P31: Muy bajo | Q31: Medio | R31: =XLOOKUP(max(L31:N31),L31:N31,$L$2:$N$2,"",0) -> cap | S31: =IFERROR(__xludf.DUMMYFUNCTION("IF(query(Data!A:M,CONCATENATE(""select Col13 where Col1 = '"",C31,""' and Col8 = 'Bias and Unfair Discrimination'""),0)>70,1,0)"),"#REF!") -> #REF! | T31: =IFERROR(__xludf.DUMMYFUNCTION("IF(query(Data!A:M,CONCATENATE(""select Col13 where Col1 = '"",C31,""' and Col8 = 'Childrens Rights'""),0)>70,1,0)"),"#REF!") -> #REF! | U31: =IFERROR(__xludf.DUMMYFUNCTION("IF(query(Data!A:M,CONCATENATE(""select Col13 where Col1 = '"",C31,""' and Col8 = 'Cultural and Linguistic Diversity'""),0)>70,1,0)"),"#REF!") -> #REF! | V31: =IFERROR(__xludf.DUMMYFUNCTION("IF(query(Data!A:M,CONCATENATE(""select Col13 where Col1 = '"",C31,""' and Col8 = 'Data Protection and Privacy'""),0)>70,1,0)"),"#REF!") -> #REF! | W31: =IFERROR(__xludf.DUMMYFUNCTION("IF(query(Data!A:M,CONCATENATE(""select Col13 where Col1 = '"",C31,""' and Col8 = 'Gender Equality'""),0)>70,1,0)"),"#REF!") -> #REF! | X31: =IFERROR(__xludf.DUMMYFUNCTION("IF(query(Data!A:M,CONCATENATE(""select Col13 where Col1 = '"",C31,""' and Col8 = 'Human Oversight and Determination'""),0)>70,1,0)"),"#REF!") -> #REF! | Y31: =IFERROR(__xludf.DUMMYFUNCTION("IF(query(Data!A:M,CONCATENATE(""select Col13 where Col1 = '"",C31,""' and Col8 = 'Labour Protection and Right to Work'""),0)>70,1,0)"),"#REF!") -> #REF! | Z31: =IFERROR(__xludf.DUMMYFUNCTION("IF(query(Data!A:M,CONCATENATE(""select Col13 where Col1 = '"",C31,""' and Col8 = 'Safety, Accuracy and Reliability'""),0)>70,1,0)"),"#REF!") -> #REF! | AA31: =IFERROR(__xludf.DUMMYFUNCTION("IF(query(Data!A:M,CONCATENATE(""select Col13 where Col1 = '"",C31,""' and Col8 = 'Transparency and Explainability'""),0)>70,1,0)"),"#REF!") -> #REF! | AB31: =COUNTIFS(Data!AF:AF,"1",Data!A:A,C31) -> 0 | AC31: =COUNTIFS(Data!X:X,">0",Data!A:A,C31) -> 0 | AD31: =COUNTIFS(Data!AJ:AJ,"12",Data!A:A,C31) -> 0 | AE31: =COUNTIFS(Data!AJ:AJ,"17",Data!A:A,C31) -> 0 | AF31: =COUNTIFS(Data!Y:Y,">0",Data!A:A,C31) -> 0 | AG31: =IF(COUNTIFS(Data!AO:AO,"1",Data!A:A,C31)>0,"Sí","No") -> No | AH31: =IFERROR(__xludf.DUMMYFUNCTION("IFERROR(query(query(Data!A:BS,CONCATENATE(""select Col50, count(Col49) where Col1 = '"",C31,""' group by Col50"")), CONCATENATE(""select Col1 where Col2 = "",query(query(query(Data!A:BS,CONCATENATE(""select Col50, count(Col49) where Col1 = '"",C31,""' and"&" Col50 <> 'Other' and Col50 is not null group by Col50"")),""select max(Col2)"",0),""Select *"",0),"" limit 1""),0))"),"") | AI31: =IFERROR(VLOOKUP(AH31,ref!$A:$B,2,FALSE),"") | AJ31: =IF(COUNTIFS(Data!BI:BI,"1",Data!A:A,C31)>0,"Sí","No") -> No | AK31: =IFERROR(__xludf.DUMMYFUNCTION("IFERROR(query(query(Data!A:BS,CONCATENATE(""select Col70, count(Col69) where Col1 = '"",C31,""' group by Col70"")), CONCATENATE(""select Col1 where Col2 = "",query(query(query(Data!A:BS,CONCATENATE(""select Col70, count(Col69) where Col1 = '"",C31,""' and"&" Col70 <> 'Other' and Col70 is not null group by Col70"")),""select max(Col2)"",0),""Select *"",0),"" limit 1""),0))"),"") | AL31: =IFERROR(VLOOKUP(AK31,ref!$A:$B,2,FALSE),"")
A32: 23 | B32: CHL | C32: Chile | D32: Chile | E32: América del Sur y Central | F32: América | G32: América Latina y el Caribe | H32: 40.38191 | I32: 33.35609 | J32: 49.177632 | K32: 36.842105 | L32: 42.448 | M32: 43.468889 | N32: 26.3 | O32: Alto | P32: Alto | Q32: Muy alto | R32: =XLOOKUP(max(L32:N32),L32:N32,$L$2:$N$2,"",0) -> gob | S32: =IFERROR(__xludf.DUMMYFUNCTION("IF(query(Data!A:M,CONCATENATE(""select Col13 where Col1 = '"",C32,""' and Col8 = 'Bias and Unfair Discrimination'""),0)>70,1,0)"),"#REF!") -> #REF! | T32: =IFERROR(__xludf.DUMMYFUNCTION("IF(query(Data!A:M,CONCATENATE(""select Col13 where Col1 = '"",C32,""' and Col8 = 'Childrens Rights'""),0)>70,1,0)"),"#REF!") -> #REF! | U32: =IFERROR(__xludf.DUMMYFUNCTION("IF(query(Data!A:M,CONCATENATE(""select Col13 where Col1 = '"",C32,""' and Col8 = 'Cultural and Linguistic Diversity'""),0)>70,1,0)"),"#REF!") -> #REF! | V32: =IFERROR(__xludf.DUMMYFUNCTION("IF(query(Data!A:M,CONCATENATE(""select Col13 where Col1 = '"",C32,""' and Col8 = 'Data Protection and Privacy'""),0)>70,1,0)"),"#REF!") -> #REF! | W32: =IFERROR(__xludf.DUMMYFUNCTION("IF(query(Data!A:M,CONCATENATE(""select Col13 where Col1 = '"",C32,""' and Col8 = 'Gender Equality'""),0)>70,1,0)"),"#REF!") -> #REF! | X32: =IFERROR(__xludf.DUMMYFUNCTION("IF(query(Data!A:M,CONCATENATE(""select Col13 where Col1 = '"",C32,""' and Col8 = 'Human Oversight and Determination'""),0)>70,1,0)"),"#REF!") -> #REF! | Y32: =IFERROR(__xludf.DUMMYFUNCTION("IF(query(Data!A:M,CONCATENATE(""select Col13 where Col1 = '"",C32,""' and Col8 = 'Labour Protection and Right to Work'""),0)>70,1,0)"),"#REF!") -> #REF! | Z32: =IFERROR(__xludf.DUMMYFUNCTION("IF(query(Data!A:M,CONCATENATE(""select Col13 where Col1 = '"",C32,""' and Col8 = 'Safety, Accuracy and Reliability'""),0)>70,1,0)"),"#REF!") -> #REF! | AA32: =IFERROR(__xludf.DUMMYFUNCTION("IF(query(Data!A:M,CONCATENATE(""select Col13 where Col1 = '"",C32,""' and Col8 = 'Transparency and Explainability'""),0)>70,1,0)"),"#REF!") -> #REF! | AB32: =COUNTIFS(Data!AF:AF,"1",Data!A:A,C32) -> 0 | AC32: =COUNTIFS(Data!X:X,">0",Data!A:A,C32) -> 0 | AD32: =COUNTIFS(Data!AJ:AJ,"12",Data!A:A,C32) -> 0 | AE32: =COUNTIFS(Data!AJ:AJ,"17",Data!A:A,C32) -> 0 | AF32: =COUNTIFS(Data!Y:Y,">0",Data!A:A,C32) -> 0 | AG32: =IF(COUNTIFS(Data!AO:AO,"1",Data!A:A,C32)>0,"Sí","No") -> No | AH32: =IFERROR(__xludf.DUMMYFUNCTION("IFERROR(query(query(Data!A:BS,CONCATENATE(""select Col50, count(Col49) where Col1 = '"",C32,""' group by Col50"")), CONCATENATE(""select Col1 where Col2 = "",query(query(query(Data!A:BS,CONCATENATE(""select Col50, count(Col49) where Col1 = '"",C32,""' and"&" Col50 <> 'Other' and Col50 is not null group by Col50"")),""select max(Col2)"",0),""Select *"",0),"" limit 1""),0))"),"") | AI32: =IFERROR(VLOOKUP(AH32,ref!$A:$B,2,FALSE),"") | AJ32: =IF(COUNTIFS(Data!BI:BI,"1",Data!A:A,C32)>0,"Sí","No") -> No | AK32: =IFERROR(__xludf.DUMMYFUNCTION("IFERROR(query(query(Data!A:BS,CONCATENATE(""select Col70, count(Col69) where Col1 = '"",C32,""' group by Col70"")), CONCATENATE(""select Col1 where Col2 = "",query(query(query(Data!A:BS,CONCATENATE(""select Col70, count(Col69) where Col1 = '"",C32,""' and"&" Col70 <> 'Other' and Col70 is not null group by Col70"")),""select max(Col2)"",0),""Select *"",0),"" limit 1""),0))"),"") | AL32: =IFERROR(VLOOKUP(AK32,ref!$A:$B,2,FALSE),"")
A33: 32 | B33: CHN | C33: China | D33: China | E33: Asia y Oceanía | F33: Asia | G33: Asia Oriental | H33: 35.304069 | I33: 22.106711 | J33: 54.071499 | K33: 24.163925 | L33: 25.396286 | M33: 39.128889 | N33: 46.948 | O33: Medio | P33: Alto | Q33: Muy bajo | R33: =XLOOKUP(max(L33:N33),L33:N33,$L$2:$N$2,"",0) -> cap | S33: =IFERROR(__xludf.DUMMYFUNCTION("IF(query(Data!A:M,CONCATENATE(""select Col13 where Col1 = '"",C33,""' and Col8 = 'Bias and Unfair Discrimination'""),0)>70,1,0)"),"#REF!") -> #REF! | T33: =IFERROR(__xludf.DUMMYFUNCTION("IF(query(Data!A:M,CONCATENATE(""select Col13 where Col1 = '"",C33,""' and Col8 = 'Childrens Rights'""),0)>70,1,0)"),"#REF!") -> #REF! | U33: =IFERROR(__xludf.DUMMYFUNCTION("IF(query(Data!A:M,CONCATENATE(""select Col13 where Col1 = '"",C33,""' and Col8 = 'Cultural and Linguistic Diversity'""),0)>70,1,0)"),"#REF!") -> #REF! | V33: =IFERROR(__xludf.DUMMYFUNCTION("IF(query(Data!A:M,CONCATENATE(""select Col13 where Col1 = '"",C33,""' and Col8 = 'Data Protection and Privacy'""),0)>70,1,0)"),"#REF!") -> #REF! | W33: =IFERROR(__xludf.DUMMYFUNCTION("IF(query(Data!A:M,CONCATENATE(""select Col13 where Col1 = '"",C33,""' and Col8 = 'Gender Equality'""),0)>70,1,0)"),"#REF!") -> #REF! | X33: =IFERROR(__xludf.DUMMYFUNCTION("IF(query(Data!A:M,CONCATENATE(""select Col13 where Col1 = '"",C33,""' and Col8 = 'Human Oversight and Determination'""),0)>70,1,0)"),"#REF!") -> #REF! | Y33: =IFERROR(__xludf.DUMMYFUNCTION("IF(query(Data!A:M,CONCATENATE(""select Col13 where Col1 = '"",C33,""' and Col8 = 'Labour Protection and Right to Work'""),0)>70,1,0)"),"#REF!") -> #REF! | Z33: =IFERROR(__xludf.DUMMYFUNCTION("IF(query(Data!A:M,CONCATENATE(""select Col13 where Col1 = '"",C33,""' and Col8 = 'Safety, Accuracy and Reliability'""),0)>70,1,0)"),"#REF!") -> #REF! | AA33: =IFERROR(__xludf.DUMMYFUNCTION("IF(query(Data!A:M,CONCATENATE(""select Col13 where Col1 = '"",C33,""' and Col8 = 'Transparency and Explainability'""),0)>70,1,0)"),"#REF!") -> #REF! | AB33: =COUNTIFS(Data!AF:AF,"1",Data!A:A,C33) -> 0 | AC33: =COUNTIFS(Data!X:X,">0",Data!A:A,C33) -> 0 | AD33: =COUNTIFS(Data!AJ:AJ,"12",Data!A:A,C33) -> 0 | AE33: =COUNTIFS(Data!AJ:AJ,"17",Data!A:A,C33) -> 0 | AF33: =COUNTIFS(Data!Y:Y,">0",Data!A:A,C33) -> 0 | AG33: =IF(COUNTIFS(Data!AO:AO,"1",Data!A:A,C33)>0,"Sí","No") -> No | AH33: =IFERROR(__xludf.DUMMYFUNCTION("IFERROR(query(query(Data!A:BS,CONCATENATE(""select Col50, count(Col49) where Col1 = '"",C33,""' group by Col50"")), CONCATENATE(""select Col1 where Col2 = "",query(query(query(Data!A:BS,CONCATENATE(""select Col50, count(Col49) where Col1 = '"",C33,""' and"&" Col50 <> 'Other' and Col50 is not null group by Col50"")),""select max(Col2)"",0),""Select *"",0),"" limit 1""),0))"),"") | AI33: =IFERROR(VLOOKUP(AH33,ref!$A:$B,2,FALSE),"") | AJ33: =IF(COUNTIFS(Data!BI:BI,"1",Data!A:A,C33)>0,"Sí","No") -> No | AK33: =IFERROR(__xludf.DUMMYFUNCTION("IFERROR(query(query(Data!A:BS,CONCATENATE(""select Col70, count(Col69) where Col1 = '"",C33,""' group by Col70"")), CONCATENATE(""select Col1 where Col2 = "",query(query(query(Data!A:BS,CONCATENATE(""select Col70, count(Col69) where Col1 = '"",C33,""' and"&" Col70 <> 'Other' and Col70 is not null group by Col70"")),""select max(Col2)"",0),""Select *"",0),"" limit 1""),0))"),"") | AL33: =IFERROR(VLOOKUP(AK33,ref!$A:$B,2,FALSE),"")
A34: 48 | B34: COL | C34: Colombia | D34: Colombia | E34: América del Sur y Central | F34: América | G34: América Latina y el Caribe | H34: 23.839561 | I34: 24.505545 | J34: 18.166274 | K34: 33.854167 | L34: 25.363857 | M34: 24.379778 | N34: 18.662667 | O34: Alto | P34: Alto | Q34: Alto | R34: =XLOOKUP(max(L34:N34),L34:N34,$L$2:$N$2,"",0) -> ddhh | S34: =IFERROR(__xludf.DUMMYFUNCTION("IF(query(Data!A:M,CONCATENATE(""select Col13 where Col1 = '"",C34,""' and Col8 = 'Bias and Unfair Discrimination'""),0)>70,1,0)"),"#REF!") -> #REF! | T34: =IFERROR(__xludf.DUMMYFUNCTION("IF(query(Data!A:M,CONCATENATE(""select Col13 where Col1 = '"",C34,""' and Col8 = 'Childrens Rights'""),0)>70,1,0)"),"#REF!") -> #REF! | U34: =IFERROR(__xludf.DUMMYFUNCTION("IF(query(Data!A:M,CONCATENATE(""select Col13 where Col1 = '"",C34,""' and Col8 = 'Cultural and Linguistic Diversity'""),0)>70,1,0)"),"#REF!") -> #REF! | V34: =IFERROR(__xludf.DUMMYFUNCTION("IF(query(Data!A:M,CONCATENATE(""select Col13 where Col1 = '"",C34,""' and Col8 = 'Data Protection and Privacy'""),0)>70,1,0)"),"#REF!") -> #REF! | W34: =IFERROR(__xludf.DUMMYFUNCTION("IF(query(Data!A:M,CONCATENATE(""select Col13 where Col1 = '"",C34,""' and Col8 = 'Gender Equality'""),0)>70,1,0)"),"#REF!") -> #REF! | X34: =IFERROR(__xludf.DUMMYFUNCTION("IF(query(Data!A:M,CONCATENATE(""select Col13 where Col1 = '"",C34,""' and Col8 = 'Human Oversight and Determination'""),0)>70,1,0)"),"#REF!") -> #REF! | Y34: =IFERROR(__xludf.DUMMYFUNCTION("IF(query(Data!A:M,CONCATENATE(""select Col13 where Col1 = '"",C34,""' and Col8 = 'Labour Protection and Right to Work'""),0)>70,1,0)"),"#REF!") -> #REF! | Z34: =IFERROR(__xludf.DUMMYFUNCTION("IF(query(Data!A:M,CONCATENATE(""select Col13 where Col1 = '"",C34,""' and Col8 = 'Safety, Accuracy and Reliability'""),0)>70,1,0)"),"#REF!") -> #REF! | AA34: =IFERROR(__xludf.DUMMYFUNCTION("IF(query(Data!A:M,CONCATENATE(""select Col13 where Col1 = '"",C34,""' and Col8 = 'Transparency and Explainability'""),0)>70,1,0)"),"#REF!") -> #REF! | AB34: =COUNTIFS(Data!AF:AF,"1",Data!A:A,C34) -> 0 | AC34: =COUNTIFS(Data!X:X,">0",Data!A:A,C34) -> 0 | AD34: =COUNTIFS(Data!AJ:AJ,"12",Data!A:A,C34) -> 0 | AE34: =COUNTIFS(Data!AJ:AJ,"17",Data!A:A,C34) -> 0 | AF34: =COUNTIFS(Data!Y:Y,">0",Data!A:A,C34) -> 0 | AG34: =IF(COUNTIFS(Data!AO:AO,"1",Data!A:A,C34)>0,"Sí","No") -> No | AH34: =IFERROR(__xludf.DUMMYFUNCTION("IFERROR(query(query(Data!A:BS,CONCATENATE(""select Col50, count(Col49) where Col1 = '"",C34,""' group by Col50"")), CONCATENATE(""select Col1 where Col2 = "",query(query(query(Data!A:BS,CONCATENATE(""select Col50, count(Col49) where Col1 = '"",C34,""' and"&" Col50 <> 'Other' and Col50 is not null group by Col50"")),""select max(Col2)"",0),""Select *"",0),"" limit 1""),0))"),"") | AI34: =IFERROR(VLOOKUP(AH34,ref!$A:$B,2,FALSE),"") | AJ34: =IF(COUNTIFS(Data!BI:BI,"1",Data!A:A,C34)>0,"Sí","No") -> No | AK34: =IFERROR(__xludf.DUMMYFUNCTION("IFERROR(query(query(Data!A:BS,CONCATENATE(""select Col70, count(Col69) where Col1 = '"",C34,""' group by Col70"")), CONCATENATE(""select Col1 where Col2 = "",query(query(query(Data!A:BS,CONCATENATE(""select Col70, count(Col69) where Col1 = '"",C34,""' and"&" Col70 <> 'Other' and Col70 is not null group by Col70"")),""select max(Col2)"",0),""Select *"",0),"" limit 1""),0))"),"") | AL34: =IFERROR(VLOOKUP(AK34,ref!$A:$B,2,FALSE),"")
A35: 44 | B35: CRI | C35: Costa Rica | D35: Costa Rica | E35: América del Sur y Central | F35: América | G35: América Latina y el Caribe | H35: 27.053832 | I35: 0 | J35: 58.286991 | K35: 18.695175 | L35: 33.120714 | M35: 27.795889 | N35: 10.671667 | O35: Alto | P35: Alto | Q35: Muy alto | R35: =XLOOKUP(max(L35:N35),L35:N35,$L$2:$N$2,"",0) -> ddhh | S35: =IFERROR(__xludf.DUMMYFUNCTION("IF(query(Data!A:M,CONCATENATE(""select Col13 where Col1 = '"",C35,""' and Col8 = 'Bias and Unfair Discrimination'""),0)>70,1,0)"),"#REF!") -> #REF! | T35: =IFERROR(__xludf.DUMMYFUNCTION("IF(query(Data!A:M,CONCATENATE(""select Col13 where Col1 = '"",C35,""' and Col8 = 'Childrens Rights'""),0)>70,1,0)"),"#REF!") -> #REF! | U35: =IFERROR(__xludf.DUMMYFUNCTION("IF(query(Data!A:M,CONCATENATE(""select Col13 where Col1 = '"",C35,""' and Col8 = 'Cultural and Linguistic Diversity'""),0)>70,1,0)"),"#REF!") -> #REF! | V35: =IFERROR(__xludf.DUMMYFUNCTION("IF(query(Data!A:M,CONCATENATE(""select Col13 where Col1 = '"",C35,""' and Col8 = 'Data Protection and Privacy'""),0)>70,1,0)"),"#REF!") -> #REF! | W35: =IFERROR(__xludf.DUMMYFUNCTION("IF(query(Data!A:M,CONCATENATE(""select Col13 where Col1 = '"",C35,""' and Col8 = 'Gender Equality'""),0)>70,1,0)"),"#REF!") -> #REF! | X35: =IFERROR(__xludf.DUMMYFUNCTION("IF(query(Data!A:M,CONCATENATE(""select Col13 where Col1 = '"",C35,""' and Col8 = 'Human Oversight and Determination'""),0)>70,1,0)"),"#REF!") -> #REF! | Y35: =IFERROR(__xludf.DUMMYFUNCTION("IF(query(Data!A:M,CONCATENATE(""select Col13 where Col1 = '"",C35,""' and Col8 = 'Labour Protection and Right to Work'""),0)>70,1,0)"),"#REF!") -> #REF! | Z35: =IFERROR(__xludf.DUMMYFUNCTION("IF(query(Data!A:M,CONCATENATE(""select Col13 where Col1 = '"",C35,""' and Col8 = 'Safety, Accuracy and Reliability'""),0)>70,1,0)"),"#REF!") -> #REF! | AA35: =IFERROR(__xludf.DUMMYFUNCTION("IF(query(Data!A:M,CONCATENATE(""select Col13 where Col1 = '"",C35,""' and Col8 = 'Transparency and Explainability'""),0)>70,1,0)"),"#REF!") -> #REF! | AB35: =COUNTIFS(Data!AF:AF,"1",Data!A:A,C35) -> 0 | AC35: =COUNTIFS(Data!X:X,">0",Data!A:A,C35) -> 0 | AD35: =COUNTIFS(Data!AJ:AJ,"12",Data!A:A,C35) -> 0 | AE35: =COUNTIFS(Data!AJ:AJ,"17",Data!A:A,C35) -> 0 | AF35: =COUNTIFS(Data!Y:Y,">0",Data!A:A,C35) -> 0 | AG35: =IF(COUNTIFS(Data!AO:AO,"1",Data!A:A,C35)>0,"Sí","No") -> No | AH35: =IFERROR(__xludf.DUMMYFUNCTION("IFERROR(query(query(Data!A:BS,CONCATENATE(""select Col50, count(Col49) where Col1 = '"",C35,""' group by Col50"")), CONCATENATE(""select Col1 where Col2 = "",query(query(query(Data!A:BS,CONCATENATE(""select Col50, count(Col49) where Col1 = '"",C35,""' and"&" Col50 <> 'Other' and Col50 is not null group by Col50"")),""select max(Col2)"",0),""Select *"",0),"" limit 1""),0))"),"") | AI35: =IFERROR(VLOOKUP(AH35,ref!$A:$B,2,FALSE),"") | AJ35: =IF(COUNTIFS(Data!BI:BI,"1",Data!A:A,C35)>0,"Sí","No") -> No | AK35: =IFERROR(__xludf.DUMMYFUNCTION("IFERROR(query(query(Data!A:BS,CONCATENATE(""select Col70, count(Col69) where Col1 = '"",C35,""' group by Col70"")), CONCATENATE(""select Col1 where Col2 = "",query(query(query(Data!A:BS,CONCATENATE(""select Col70, count(Col69) where Col1 = '"",C35,""' and"&" Col70 <> 'Other' and Col70 is not null group by Col70"")),""select max(Col2)"",0),""Select *"",0),"" limit 1""),0))"),"") | AL35: =IFERROR(VLOOKUP(AK35,ref!$A:$B,2,FALSE),"")
A36: 123 | B36: CIV | C36: Côte dIvoire | D36: Côte d'Ivoire (Costa de Marfil) | E36: África | F36: África | G36: África Subsahariana | H36: 1.0434459 | I36: 0 | J36: 2.6086147 | K36: 0 | L36: 0 | M36: 0 | N36: 6.6083333 | O36: Medio | P36: Medio | Q36: Alto | R36: =XLOOKUP(max(L36:N36),L36:N36,$L$2:$N$2,"",0) -> cap | S36: =IFERROR(__xludf.DUMMYFUNCTION("IF(query(Data!A:M,CONCATENATE(""select Col13 where Col1 = '"",C36,""' and Col8 = 'Bias and Unfair Discrimination'""),0)>70,1,0)"),"#REF!") -> #REF! | T36: =IFERROR(__xludf.DUMMYFUNCTION("IF(query(Data!A:M,CONCATENATE(""select Col13 where Col1 = '"",C36,""' and Col8 = 'Childrens Rights'""),0)>70,1,0)"),"#REF!") -> #REF! | U36: =IFERROR(__xludf.DUMMYFUNCTION("IF(query(Data!A:M,CONCATENATE(""select Col13 where Col1 = '"",C36,""' and Col8 = 'Cultural and Linguistic Diversity'""),0)>70,1,0)"),"#REF!") -> #REF! | V36: =IFERROR(__xludf.DUMMYFUNCTION("IF(query(Data!A:M,CONCATENATE(""select Col13 where Col1 = '"",C36,""' and Col8 = 'Data Protection and Privacy'""),0)>70,1,0)"),"#REF!") -> #REF! | W36: =IFERROR(__xludf.DUMMYFUNCTION("IF(query(Data!A:M,CONCATENATE(""select Col13 where Col1 = '"",C36,""' and Col8 = 'Gender Equality'""),0)>70,1,0)"),"#REF!") -> #REF! | X36: =IFERROR(__xludf.DUMMYFUNCTION("IF(query(Data!A:M,CONCATENATE(""select Col13 where Col1 = '"",C36,""' and Col8 = 'Human Oversight and Determination'""),0)>70,1,0)"),"#REF!") -> #REF! | Y36: =IFERROR(__xludf.DUMMYFUNCTION("IF(query(Data!A:M,CONCATENATE(""select Col13 where Col1 = '"",C36,""' and Col8 = 'Labour Protection and Right to Work'""),0)>70,1,0)"),"#REF!") -> #REF! | Z36: =IFERROR(__xludf.DUMMYFUNCTION("IF(query(Data!A:M,CONCATENATE(""select Col13 where Col1 = '"",C36,""' and Col8 = 'Safety, Accuracy and Reliability'""),0)>70,1,0)"),"#REF!") -> #REF! | AA36: =IFERROR(__xludf.DUMMYFUNCTION("IF(query(Data!A:M,CONCATENATE(""select Col13 where Col1 = '"",C36,""' and Col8 = 'Transparency and Explainability'""),0)>70,1,0)"),"#REF!") -> #REF! | AB36: =COUNTIFS(Data!AF:AF,"1",Data!A:A,C36) -> 0 | AC36: =COUNTIFS(Data!X:X,">0",Data!A:A,C36) -> 0 | AD36: =COUNTIFS(Data!AJ:AJ,"12",Data!A:A,C36) -> 0 | AE36: =COUNTIFS(Data!AJ:AJ,"17",Data!A:A,C36) -> 0 | AF36: =COUNTIFS(Data!Y:Y,">0",Data!A:A,C36) -> 0 | AG36: =IF(COUNTIFS(Data!AO:AO,"1",Data!A:A,C36)>0,"Sí","No") -> No | AH36: =IFERROR(__xludf.DUMMYFUNCTION("IFERROR(query(query(Data!A:BS,CONCATENATE(""select Col50, count(Col49) where Col1 = '"",C36,""' group by Col50"")), CONCATENATE(""select Col1 where Col2 = "",query(query(query(Data!A:BS,CONCATENATE(""select Col50, count(Col49) where Col1 = '"",C36,""' and"&" Col50 <> 'Other' and Col50 is not null group by Col50"")),""select max(Col2)"",0),""Select *"",0),"" limit 1""),0))"),"") | AI36: =IFERROR(VLOOKUP(AH36,ref!$A:$B,2,FALSE),"") | AJ36: =IF(COUNTIFS(Data!BI:BI,"1",Data!A:A,C36)>0,"Sí","No") -> No | AK36: =IFERROR(__xludf.DUMMYFUNCTION("IFERROR(query(query(Data!A:BS,CONCATENATE(""select Col70, count(Col69) where Col1 = '"",C36,""' group by Col70"")), CONCATENATE(""select Col1 where Col2 = "",query(query(query(Data!A:BS,CONCATENATE(""select Col70, count(Col69) where Col1 = '"",C36,""' and"&" Col70 <> 'Other' and Col70 is not null group by Col70"")),""select max(Col2)"",0),""Select *"",0),"" limit 1""),0))"),"") | AL36: =IFERROR(VLOOKUP(AK36,ref!$A:$B,2,FALSE),"")
A37: 49 | B37: HRV | C37: Croatia | D37: Croacia | E37: Europa | F37: Europa | G37: Europa del Sur | H37: 23.583116 | I37: 33.59194 | J37: 14.764151 | K37: 21.203399 | L37: 30.950143 | M37: 18.431556 | N37: 21.848667 | O37: Alto | P37: Alto | Q37: Muy alto | R37: =XLOOKUP(max(L37:N37),L37:N37,$L$2:$N$2,"",0) -> ddhh | S37: =IFERROR(__xludf.DUMMYFUNCTION("IF(query(Data!A:M,CONCATENATE(""select Col13 where Col1 = '"",C37,""' and Col8 = 'Bias and Unfair Discrimination'""),0)>70,1,0)"),"#REF!") -> #REF! | T37: =IFERROR(__xludf.DUMMYFUNCTION("IF(query(Data!A:M,CONCATENATE(""select Col13 where Col1 = '"",C37,""' and Col8 = 'Childrens Rights'""),0)>70,1,0)"),"#REF!") -> #REF! | U37: =IFERROR(__xludf.DUMMYFUNCTION("IF(query(Data!A:M,CONCATENATE(""select Col13 where Col1 = '"",C37,""' and Col8 = 'Cultural and Linguistic Diversity'""),0)>70,1,0)"),"#REF!") -> #REF! | V37: =IFERROR(__xludf.DUMMYFUNCTION("IF(query(Data!A:M,CONCATENATE(""select Col13 where Col1 = '"",C37,""' and Col8 = 'Data Protection and Privacy'""),0)>70,1,0)"),"#REF!") -> #REF! | W37: =IFERROR(__xludf.DUMMYFUNCTION("IF(query(Data!A:M,CONCATENATE(""select Col13 where Col1 = '"",C37,""' and Col8 = 'Gender Equality'""),0)>70,1,0)"),"#REF!") -> #REF! | X37: =IFERROR(__xludf.DUMMYFUNCTION("IF(query(Data!A:M,CONCATENATE(""select Col13 where Col1 = '"",C37,""' and Col8 = 'Human Oversight and Determination'""),0)>70,1,0)"),"#REF!") -> #REF! | Y37: =IFERROR(__xludf.DUMMYFUNCTION("IF(query(Data!A:M,CONCATENATE(""select Col13 where Col1 = '"",C37,""' and Col8 = 'Labour Protection and Right to Work'""),0)>70,1,0)"),"#REF!") -> #REF! | Z37: =IFERROR(__xludf.DUMMYFUNCTION("IF(query(Data!A:M,CONCATENATE(""select Col13 where Col1 = '"",C37,""' and Col8 = 'Safety, Accuracy and Reliability'""),0)>70,1,0)"),"#REF!") -> #REF! | AA37: =IFERROR(__xludf.DUMMYFUNCTION("IF(query(Data!A:M,CONCATENATE(""select Col13 where Col1 = '"",C37,""' and Col8 = 'Transparency and Explainability'""),0)>70,1,0)"),"#REF!") -> #REF! | AB37: =COUNTIFS(Data!AF:AF,"1",Data!A:A,C37) -> 0 | AC37: =COUNTIFS(Data!X:X,">0",Data!A:A,C37) -> 0 | AD37: =COUNTIFS(Data!AJ:AJ,"12",Data!A:A,C37) -> 0 | AE37: =COUNTIFS(Data!AJ:AJ,"17",Data!A:A,C37) -> 0 | AF37: =COUNTIFS(Data!Y:Y,">0",Data!A:A,C37) -> 0 | AG37: =IF(COUNTIFS(Data!AO:AO,"1",Data!A:A,C37)>0,"Sí","No") -> No | AH37: =IFERROR(__xludf.DUMMYFUNCTION("IFERROR(query(query(Data!A:BS,CONCATENATE(""select Col50, count(Col49) where Col1 = '"",C37,""' group by Col50"")), CONCATENATE(""select Col1 where Col2 = "",query(query(query(Data!A:BS,CONCATENATE(""select Col50, count(Col49) where Col1 = '"",C37,""' and"&" Col50 <> 'Other' and Col50 is not null group by Col50"")),""select max(Col2)"",0),""Select *"",0),"" limit 1""),0))"),"") | AI37: =IFERROR(VLOOKUP(AH37,ref!$A:$B,2,FALSE),"") | AJ37: =IF(COUNTIFS(Data!BI:BI,"1",Data!A:A,C37)>0,"Sí","No") -> No | AK37: =IFERROR(__xludf.DUMMYFUNCTION("IFERROR(query(query(Data!A:BS,CONCATENATE(""select Col70, count(Col69) where Col1 = '"",C37,""' group by Col70"")), CONCATENATE(""select Col1 where Col2 = "",query(query(query(Data!A:BS,CONCATENATE(""select Col70, count(Col69) where Col1 = '"",C37,""' and"&" Col70 <> 'Other' and Col70 is not null group by Col70"")),""select max(Col2)"",0),""Select *"",0),"" limit 1""),0))"),"") | AL37: =IFERROR(VLOOKUP(AK37,ref!$A:$B,2,FALSE),"")
A38: 95 | B38: ECU | C38: Ecuador | D38: Ecuador | E38: América del Sur y Central | F38: América | G38: América Latina y el Caribe | H38: 4.5052135 | I38: 0 | J38: 4.8485602 | K38: 12.828947 | L38: 5.4165714 | M38: 2.0472222 | N38: 9.7526667 | O38: Bajo | P38: Medio | Q38: Alto | R38: =XLOOKUP(max(L38:N38),L38:N38,$L$2:$N$2,"",0) -> cap | S38: =IFERROR(__xludf.DUMMYFUNCTION("IF(query(Data!A:M,CONCATENATE(""select Col13 where Col1 = '"",C38,""' and Col8 = 'Bias and Unfair Discrimination'""),0)>70,1,0)"),"#REF!") -> #REF! | T38: =IFERROR(__xludf.DUMMYFUNCTION("IF(query(Data!A:M,CONCATENATE(""select Col13 where Col1 = '"",C38,""' and Col8 = 'Childrens Rights'""),0)>70,1,0)"),"#REF!") -> #REF! | U38: =IFERROR(__xludf.DUMMYFUNCTION("IF(query(Data!A:M,CONCATENATE(""select Col13 where Col1 = '"",C38,""' and Col8 = 'Cultural and Linguistic Diversity'""),0)>70,1,0)"),"#REF!") -> #REF! | V38: =IFERROR(__xludf.DUMMYFUNCTION("IF(query(Data!A:M,CONCATENATE(""select Col13 where Col1 = '"",C38,""' and Col8 = 'Data Protection and Privacy'""),0)>70,1,0)"),"#REF!") -> #REF! | W38: =IFERROR(__xludf.DUMMYFUNCTION("IF(query(Data!A:M,CONCATENATE(""select Col13 where Col1 = '"",C38,""' and Col8 = 'Gender Equality'""),0)>70,1,0)"),"#REF!") -> #REF! | X38: =IFERROR(__xludf.DUMMYFUNCTION("IF(query(Data!A:M,CONCATENATE(""select Col13 where Col1 = '"",C38,""' and Col8 = 'Human Oversight and Determination'""),0)>70,1,0)"),"#REF!") -> #REF! | Y38: =IFERROR(__xludf.DUMMYFUNCTION("IF(query(Data!A:M,CONCATENATE(""select Col13 where Col1 = '"",C38,""' and Col8 = 'Labour Protection and Right to Work'""),0)>70,1,0)"),"#REF!") -> #REF! | Z38: =IFERROR(__xludf.DUMMYFUNCTION("IF(query(Data!A:M,CONCATENATE(""select Col13 where Col1 = '"",C38,""' and Col8 = 'Safety, Accuracy and Reliability'""),0)>70,1,0)"),"#REF!") -> #REF! | AA38: =IFERROR(__xludf.DUMMYFUNCTION("IF(query(Data!A:M,CONCATENATE(""select Col13 where Col1 = '"",C38,""' and Col8 = 'Transparency and Explainability'""),0)>70,1,0)"),"#REF!") -> #REF! | AB38: =COUNTIFS(Data!AF:AF,"1",Data!A:A,C38) -> 0 | AC38: =COUNTIFS(Data!X:X,">0",Data!A:A,C38) -> 0 | AD38: =COUNTIFS(Data!AJ:AJ,"12",Data!A:A,C38) -> 0 | AE38: =COUNTIFS(Data!AJ:AJ,"17",Data!A:A,C38) -> 0 | AF38: =COUNTIFS(Data!Y:Y,">0",Data!A:A,C38) -> 0 | AG38: =IF(COUNTIFS(Data!AO:AO,"1",Data!A:A,C38)>0,"Sí","No") -> No | AH38: =IFERROR(__xludf.DUMMYFUNCTION("IFERROR(query(query(Data!A:BS,CONCATENATE(""select Col50, count(Col49) where Col1 = '"",C38,""' group by Col50"")), CONCATENATE(""select Col1 where Col2 = "",query(query(query(Data!A:BS,CONCATENATE(""select Col50, count(Col49) where Col1 = '"",C38,""' and"&" Col50 <> 'Other' and Col50 is not null group by Col50"")),""select max(Col2)"",0),""Select *"",0),"" limit 1""),0))"),"") | AI38: =IFERROR(VLOOKUP(AH38,ref!$A:$B,2,FALSE),"") | AJ38: =IF(COUNTIFS(Data!BI:BI,"1",Data!A:A,C38)>0,"Sí","No") -> No | AK38: =IFERROR(__xludf.DUMMYFUNCTION("IFERROR(query(query(Data!A:BS,CONCATENATE(""select Col70, count(Col69) where Col1 = '"",C38,""' group by Col70"")), CONCATENATE(""select Col1 where Col2 = "",query(query(query(Data!A:BS,CONCATENATE(""select Col70, count(Col69) where Col1 = '"",C38,""' and"&" Col70 <> 'Other' and Col70 is not null group by Col70"")),""select max(Col2)"",0),""Select *"",0),"" limit 1""),0))"),"") | AL38: =IFERROR(VLOOKUP(AK38,ref!$A:$B,2,FALSE),"")
A39: 63 | B39: EGY | C39: Egypt | D39: Egipto | E39: África | F39: África | G39: África del Norte | H39: 15.788367 | I39: 24.619331 | J39: 14.543198 | K39: 0.61677632 | L39: 18.123714 | M39: 10.545222 | N39: 26.069333 | O39: Medio | P39: Bajo | Q39: Muy bajo | R39: =XLOOKUP(max(L39:N39),L39:N39,$L$2:$N$2,"",0) -> cap | S39: =IFERROR(__xludf.DUMMYFUNCTION("IF(query(Data!A:M,CONCATENATE(""select Col13 where Col1 = '"",C39,""' and Col8 = 'Bias and Unfair Discrimination'""),0)>70,1,0)"),"#REF!") -> #REF! | T39: =IFERROR(__xludf.DUMMYFUNCTION("IF(query(Data!A:M,CONCATENATE(""select Col13 where Col1 = '"",C39,""' and Col8 = 'Childrens Rights'""),0)>70,1,0)"),"#REF!") -> #REF! | U39: =IFERROR(__xludf.DUMMYFUNCTION("IF(query(Data!A:M,CONCATENATE(""select Col13 where Col1 = '"",C39,""' and Col8 = 'Cultural and Linguistic Diversity'""),0)>70,1,0)"),"#REF!") -> #REF! | V39: =IFERROR(__xludf.DUMMYFUNCTION("IF(query(Data!A:M,CONCATENATE(""select Col13 where Col1 = '"",C39,""' and Col8 = 'Data Protection and Privacy'""),0)>70,1,0)"),"#REF!") -> #REF! | W39: =IFERROR(__xludf.DUMMYFUNCTION("IF(query(Data!A:M,CONCATENATE(""select Col13 where Col1 = '"",C39,""' and Col8 = 'Gender Equality'""),0)>70,1,0)"),"#REF!") -> #REF! | X39: =IFERROR(__xludf.DUMMYFUNCTION("IF(query(Data!A:M,CONCATENATE(""select Col13 where Col1 = '"",C39,""' and Col8 = 'Human Oversight and Determination'""),0)>70,1,0)"),"#REF!") -> #REF! | Y39: =IFERROR(__xludf.DUMMYFUNCTION("IF(query(Data!A:M,CONCATENATE(""select Col13 where Col1 = '"",C39,""' and Col8 = 'Labour Protection and Right to Work'""),0)>70,1,0)"),"#REF!") -> #REF! | Z39: =IFERROR(__xludf.DUMMYFUNCTION("IF(query(Data!A:M,CONCATENATE(""select Col13 where Col1 = '"",C39,""' and Col8 = 'Safety, Accuracy and Reliability'""),0)>70,1,0)"),"#REF!") -> #REF! | AA39: =IFERROR(__xludf.DUMMYFUNCTION("IF(query(Data!A:M,CONCATENATE(""select Col13 where Col1 = '"",C39,""' and Col8 = 'Transparency and Explainability'""),0)>70,1,0)"),"#REF!") -> #REF! | AB39: =COUNTIFS(Data!AF:AF,"1",Data!A:A,C39) -> 0 | AC39: =COUNTIFS(Data!X:X,">0",Data!A:A,C39) -> 0 | AD39: =COUNTIFS(Data!AJ:AJ,"12",Data!A:A,C39) -> 0 | AE39: =COUNTIFS(Data!AJ:AJ,"17",Data!A:A,C39) -> 0 | AF39: =COUNTIFS(Data!Y:Y,">0",Data!A:A,C39) -> 0 | AG39: =IF(COUNTIFS(Data!AO:AO,"1",Data!A:A,C39)>0,"Sí","No") -> No | AH39: =IFERROR(__xludf.DUMMYFUNCTION("IFERROR(query(query(Data!A:BS,CONCATENATE(""select Col50, count(Col49) where Col1 = '"",C39,""' group by Col50"")), CONCATENATE(""select Col1 where Col2 = "",query(query(query(Data!A:BS,CONCATENATE(""select Col50, count(Col49) where Col1 = '"",C39,""' and"&" Col50 <> 'Other' and Col50 is not null group by Col50"")),""select max(Col2)"",0),""Select *"",0),"" limit 1""),0))"),"") | AI39: =IFERROR(VLOOKUP(AH39,ref!$A:$B,2,FALSE),"") | AJ39: =IF(COUNTIFS(Data!BI:BI,"1",Data!A:A,C39)>0,"Sí","No") -> No | AK39: =IFERROR(__xludf.DUMMYFUNCTION("IFERROR(query(query(Data!A:BS,CONCATENATE(""select Col70, count(Col69) where Col1 = '"",C39,""' group by Col70"")), CONCATENATE(""select Col1 where Col2 = "",query(query(query(Data!A:BS,CONCATENATE(""select Col70, count(Col69) where Col1 = '"",C39,""' and"&" Col70 <> 'Other' and Col70 is not null group by Col70"")),""select max(Col2)"",0),""Select *"",0),"" limit 1""),0))"),"") | AL39: =IFERROR(VLOOKUP(AK39,ref!$A:$B,2,FALSE),"")
A40: 103 | B40: SLV | C40: El Salvador | D40: El Salvador | E40: América del Sur y Central | F40: América | G40: América Latina y el Caribe | H40: 2.7028612 | I40: 2.4795184 | J40: 2.3656281 | K40: 3.8240132 | L40: 2.076 | M40: 0 | N40: 12.274333 | O40: Bajo | P40: Bajo | Q40: Alto | R40: =XLOOKUP(max(L40:N40),L40:N40,$L$2:$N$2,"",0) -> cap | S40: =IFERROR(__xludf.DUMMYFUNCTION("IF(query(Data!A:M,CONCATENATE(""select Col13 where Col1 = '"",C40,""' and Col8 = 'Bias and Unfair Discrimination'""),0)>70,1,0)"),"#REF!") -> #REF! | T40: =IFERROR(__xludf.DUMMYFUNCTION("IF(query(Data!A:M,CONCATENATE(""select Col13 where Col1 = '"",C40,""' and Col8 = 'Childrens Rights'""),0)>70,1,0)"),"#REF!") -> #REF! | U40: =IFERROR(__xludf.DUMMYFUNCTION("IF(query(Data!A:M,CONCATENATE(""select Col13 where Col1 = '"",C40,""' and Col8 = 'Cultural and Linguistic Diversity'""),0)>70,1,0)"),"#REF!") -> #REF! | V40: =IFERROR(__xludf.DUMMYFUNCTION("IF(query(Data!A:M,CONCATENATE(""select Col13 where Col1 = '"",C40,""' and Col8 = 'Data Protection and Privacy'""),0)>70,1,0)"),"#REF!") -> #REF! | W40: =IFERROR(__xludf.DUMMYFUNCTION("IF(query(Data!A:M,CONCATENATE(""select Col13 where Col1 = '"",C40,""' and Col8 = 'Gender Equality'""),0)>70,1,0)"),"#REF!") -> #REF! | X40: =IFERROR(__xludf.DUMMYFUNCTION("IF(query(Data!A:M,CONCATENATE(""select Col13 where Col1 = '"",C40,""' and Col8 = 'Human Oversight and Determination'""),0)>70,1,0)"),"#REF!") -> #REF! | Y40: =IFERROR(__xludf.DUMMYFUNCTION("IF(query(Data!A:M,CONCATENATE(""select Col13 where Col1 = '"",C40,""' and Col8 = 'Labour Protection and Right to Work'""),0)>70,1,0)"),"#REF!") -> #REF! | Z40: =IFERROR(__xludf.DUMMYFUNCTION("IF(query(Data!A:M,CONCATENATE(""select Col13 where Col1 = '"",C40,""' and Col8 = 'Safety, Accuracy and Reliability'""),0)>70,1,0)"),"#REF!") -> #REF! | AA40: =IFERROR(__xludf.DUMMYFUNCTION("IF(query(Data!A:M,CONCATENATE(""select Col13 where Col1 = '"",C40,""' and Col8 = 'Transparency and Explainability'""),0)>70,1,0)"),"#REF!") -> #REF! | AB40: =COUNTIFS(Data!AF:AF,"1",Data!A:A,C40) -> 0 | AC40: =COUNTIFS(Data!X:X,">0",Data!A:A,C40) -> 0 | AD40: =COUNTIFS(Data!AJ:AJ,"12",Data!A:A,C40) -> 0 | AE40: =COUNTIFS(Data!AJ:AJ,"17",Data!A:A,C40) -> 0 | AF40: =COUNTIFS(Data!Y:Y,">0",Data!A:A,C40) -> 0 | AG40: =IF(COUNTIFS(Data!AO:AO,"1",Data!A:A,C40)>0,"Sí","No") -> No | AH40: =IFERROR(__xludf.DUMMYFUNCTION("IFERROR(query(query(Data!A:BS,CONCATENATE(""select Col50, count(Col49) where Col1 = '"",C40,""' group by Col50"")), CONCATENATE(""select Col1 where Col2 = "",query(query(query(Data!A:BS,CONCATENATE(""select Col50, count(Col49) where Col1 = '"",C40,""' and"&" Col50 <> 'Other' and Col50 is not null group by Col50"")),""select max(Col2)"",0),""Select *"",0),"" limit 1""),0))"),"") | AI40: =IFERROR(VLOOKUP(AH40,ref!$A:$B,2,FALSE),"") | AJ40: =IF(COUNTIFS(Data!BI:BI,"1",Data!A:A,C40)>0,"Sí","No") -> No | AK40: =IFERROR(__xludf.DUMMYFUNCTION("IFERROR(query(query(Data!A:BS,CONCATENATE(""select Col70, count(Col69) where Col1 = '"",C40,""' group by Col70"")), CONCATENATE(""select Col1 where Col2 = "",query(query(query(Data!A:BS,CONCATENATE(""select Col70, count(Col69) where Col1 = '"",C40,""' and"&" Col70 <> 'Other' and Col70 is not null group by Col70"")),""select max(Col2)"",0),""Select *"",0),"" limit 1""),0))"),"") | AL40: =IFERROR(VLOOKUP(AK40,ref!$A:$B,2,FALSE),"")
A41: 17 | B41: ARE | C41: United Arab Emirates | D41: Emiratos Árabes Unidos | E41: Medio Oriente | F41: Asia | G41: Asia Occidental | H41: 44.65868 | I41: 46.401232 | J41: 55.623758 | K41: 19.243421 | L41: 40.584857 | M41: 45.663889 | N41: 51.149 | O41: Muy alto | P41: Muy alto | Q41: Bajo | R41: =XLOOKUP(max(L41:N41),L41:N41,$L$2:$N$2,"",0) -> cap | S41: =IFERROR(__xludf.DUMMYFUNCTION("IF(query(Data!A:M,CONCATENATE(""select Col13 where Col1 = '"",C41,""' and Col8 = 'Bias and Unfair Discrimination'""),0)>70,1,0)"),"#REF!") -> #REF! | T41: =IFERROR(__xludf.DUMMYFUNCTION("IF(query(Data!A:M,CONCATENATE(""select Col13 where Col1 = '"",C41,""' and Col8 = 'Childrens Rights'""),0)>70,1,0)"),"#REF!") -> #REF! | U41: =IFERROR(__xludf.DUMMYFUNCTION("IF(query(Data!A:M,CONCATENATE(""select Col13 where Col1 = '"",C41,""' and Col8 = 'Cultural and Linguistic Diversity'""),0)>70,1,0)"),"#REF!") -> #REF! | V41: =IFERROR(__xludf.DUMMYFUNCTION("IF(query(Data!A:M,CONCATENATE(""select Col13 where Col1 = '"",C41,""' and Col8 = 'Data Protection and Privacy'""),0)>70,1,0)"),"#REF!") -> #REF! | W41: =IFERROR(__xludf.DUMMYFUNCTION("IF(query(Data!A:M,CONCATENATE(""select Col13 where Col1 = '"",C41,""' and Col8 = 'Gender Equality'""),0)>70,1,0)"),"#REF!") -> #REF! | X41: =IFERROR(__xludf.DUMMYFUNCTION("IF(query(Data!A:M,CONCATENATE(""select Col13 where Col1 = '"",C41,""' and Col8 = 'Human Oversight and Determination'""),0)>70,1,0)"),"#REF!") -> #REF! | Y41: =IFERROR(__xludf.DUMMYFUNCTION("IF(query(Data!A:M,CONCATENATE(""select Col13 where Col1 = '"",C41,""' and Col8 = 'Labour Protection and Right to Work'""),0)>70,1,0)"),"#REF!") -> #REF! | Z41: =IFERROR(__xludf.DUMMYFUNCTION("IF(query(Data!A:M,CONCATENATE(""select Col13 where Col1 = '"",C41,""' and Col8 = 'Safety, Accuracy and Reliability'""),0)>70,1,0)"),"#REF!") -> #REF! | AA41: =IFERROR(__xludf.DUMMYFUNCTION("IF(query(Data!A:M,CONCATENATE(""select Col13 where Col1 = '"",C41,""' and Col8 = 'Transparency and Explainability'""),0)>70,1,0)"),"#REF!") -> #REF! | AB41: =COUNTIFS(Data!AF:AF,"1",Data!A:A,C41) -> 0 | AC41: =COUNTIFS(Data!X:X,">0",Data!A:A,C41) -> 0 | AD41: =COUNTIFS(Data!AJ:AJ,"12",Data!A:A,C41) -> 0 | AE41: =COUNTIFS(Data!AJ:AJ,"17",Data!A:A,C41) -> 0 | AF41: =COUNTIFS(Data!Y:Y,">0",Data!A:A,C41) -> 0 | AG41: =IF(COUNTIFS(Data!AO:AO,"1",Data!A:A,C41)>0,"Sí","No") -> No | AH41: =IFERROR(__xludf.DUMMYFUNCTION("IFERROR(query(query(Data!A:BS,CONCATENATE(""select Col50, count(Col49) where Col1 = '"",C41,""' group by Col50"")), CONCATENATE(""select Col1 where Col2 = "",query(query(query(Data!A:BS,CONCATENATE(""select Col50, count(Col49) where Col1 = '"",C41,""' and"&" Col50 <> 'Other' and Col50 is not null group by Col50"")),""select max(Col2)"",0),""Select *"",0),"" limit 1""),0))"),"") | AI41: =IFERROR(VLOOKUP(AH41,ref!$A:$B,2,FALSE),"") | AJ41: =IF(COUNTIFS(Data!BI:BI,"1",Data!A:A,C41)>0,"Sí","No") -> No | AK41: =IFERROR(__xludf.DUMMYFUNCTION("IFERROR(query(query(Data!A:BS,CONCATENATE(""select Col70, count(Col69) where Col1 = '"",C41,""' group by Col70"")), CONCATENATE(""select Col1 where Col2 = "",query(query(query(Data!A:BS,CONCATENATE(""select Col70, count(Col69) where Col1 = '"",C41,""' and"&" Col70 <> 'Other' and Col70 is not null group by Col70"")),""select max(Col2)"",0),""Select *"",0),"" limit 1""),0))"),"") | AL41: =IFERROR(VLOOKUP(AK41,ref!$A:$B,2,FALSE),"")
A42: 137 | B42: ERI | C42: Eritrea | D42: Eritrea | E42: África | F42: África | G42: África Subsahariana | H42: 0.55747269 | I42: 0 | J42: 1.3936817 | K42: 0 | L42: 0 | M42: 0 | N42: 3.5306667 | O42: Muy bajo | P42: Muy bajo | Q42: Muy bajo | R42: =XLOOKUP(max(L42:N42),L42:N42,$L$2:$N$2,"",0) -> cap | S42: =IFERROR(__xludf.DUMMYFUNCTION("IF(query(Data!A:M,CONCATENATE(""select Col13 where Col1 = '"",C42,""' and Col8 = 'Bias and Unfair Discrimination'""),0)>70,1,0)"),"#REF!") -> #REF! | T42: =IFERROR(__xludf.DUMMYFUNCTION("IF(query(Data!A:M,CONCATENATE(""select Col13 where Col1 = '"",C42,""' and Col8 = 'Childrens Rights'""),0)>70,1,0)"),"#REF!") -> #REF! | U42: =IFERROR(__xludf.DUMMYFUNCTION("IF(query(Data!A:M,CONCATENATE(""select Col13 where Col1 = '"",C42,""' and Col8 = 'Cultural and Linguistic Diversity'""),0)>70,1,0)"),"#REF!") -> #REF! | V42: =IFERROR(__xludf.DUMMYFUNCTION("IF(query(Data!A:M,CONCATENATE(""select Col13 where Col1 = '"",C42,""' and Col8 = 'Data Protection and Privacy'""),0)>70,1,0)"),"#REF!") -> #REF! | W42: =IFERROR(__xludf.DUMMYFUNCTION("IF(query(Data!A:M,CONCATENATE(""select Col13 where Col1 = '"",C42,""' and Col8 = 'Gender Equality'""),0)>70,1,0)"),"#REF!") -> #REF! | X42: =IFERROR(__xludf.DUMMYFUNCTION("IF(query(Data!A:M,CONCATENATE(""select Col13 where Col1 = '"",C42,""' and Col8 = 'Human Oversight and Determination'""),0)>70,1,0)"),"#REF!") -> #REF! | Y42: =IFERROR(__xludf.DUMMYFUNCTION("IF(query(Data!A:M,CONCATENATE(""select Col13 where Col1 = '"",C42,""' and Col8 = 'Labour Protection and Right to Work'""),0)>70,1,0)"),"#REF!") -> #REF! | Z42: =IFERROR(__xludf.DUMMYFUNCTION("IF(query(Data!A:M,CONCATENATE(""select Col13 where Col1 = '"",C42,""' and Col8 = 'Safety, Accuracy and Reliability'""),0)>70,1,0)"),"#REF!") -> #REF! | AA42: =IFERROR(__xludf.DUMMYFUNCTION("IF(query(Data!A:M,CONCATENATE(""select Col13 where Col1 = '"",C42,""' and Col8 = 'Transparency and Explainability'""),0)>70,1,0)"),"#REF!") -> #REF! | AB42: =COUNTIFS(Data!AF:AF,"1",Data!A:A,C42) -> 0 | AC42: =COUNTIFS(Data!X:X,">0",Data!A:A,C42) -> 0 | AD42: =COUNTIFS(Data!AJ:AJ,"12",Data!A:A,C42) -> 0 | AE42: =COUNTIFS(Data!AJ:AJ,"17",Data!A:A,C42) -> 0 | AF42: =COUNTIFS(Data!Y:Y,">0",Data!A:A,C42) -> 0 | AG42: =IF(COUNTIFS(Data!AO:AO,"1",Data!A:A,C42)>0,"Sí","No") -> No | AH42: =IFERROR(__xludf.DUMMYFUNCTION("IFERROR(query(query(Data!A:BS,CONCATENATE(""select Col50, count(Col49) where Col1 = '"",C42,""' group by Col50"")), CONCATENATE(""select Col1 where Col2 = "",query(query(query(Data!A:BS,CONCATENATE(""select Col50, count(Col49) where Col1 = '"",C42,""' and"&" Col50 <> 'Other' and Col50 is not null group by Col50"")),""select max(Col2)"",0),""Select *"",0),"" limit 1""),0))"),"") | AI42: =IFERROR(VLOOKUP(AH42,ref!$A:$B,2,FALSE),"") | AJ42: =IF(COUNTIFS(Data!BI:BI,"1",Data!A:A,C42)>0,"Sí","No") -> No | AK42: =IFERROR(__xludf.DUMMYFUNCTION("IFERROR(query(query(Data!A:BS,CONCATENATE(""select Col70, count(Col69) where Col1 = '"",C42,""' group by Col70"")), CONCATENATE(""select Col1 where Col2 = "",query(query(query(Data!A:BS,CONCATENATE(""select Col70, count(Col69) where Col1 = '"",C42,""' and"&" Col70 <> 'Other' and Col70 is not null group by Col70"")),""select max(Col2)"",0),""Select *"",0),"" limit 1""),0))"),"") | AL42: =IFERROR(VLOOKUP(AK42,ref!$A:$B,2,FALSE),"")
A43: 35 | B43: SVK | C43: Slovakia | D43: Eslovaquia | E43: Europa | F43: Europa | G43: Europa del Este | H43: 33.171705 | I43: 47.831845 | J43: 18.821375 | K43: 32.552083 | L43: 25.871286 | M43: 41.717333 | N43: 24.568333 | O43: Alto | P43: Alto | Q43: Muy alto | R43: =XLOOKUP(max(L43:N43),L43:N43,$L$2:$N$2,"",0) -> gob | S43: =IFERROR(__xludf.DUMMYFUNCTION("IF(query(Data!A:M,CONCATENATE(""select Col13 where Col1 = '"",C43,""' and Col8 = 'Bias and Unfair Discrimination'""),0)>70,1,0)"),"#REF!") -> #REF! | T43: =IFERROR(__xludf.DUMMYFUNCTION("IF(query(Data!A:M,CONCATENATE(""select Col13 where Col1 = '"",C43,""' and Col8 = 'Childrens Rights'""),0)>70,1,0)"),"#REF!") -> #REF! | U43: =IFERROR(__xludf.DUMMYFUNCTION("IF(query(Data!A:M,CONCATENATE(""select Col13 where Col1 = '"",C43,""' and Col8 = 'Cultural and Linguistic Diversity'""),0)>70,1,0)"),"#REF!") -> #REF! | V43: =IFERROR(__xludf.DUMMYFUNCTION("IF(query(Data!A:M,CONCATENATE(""select Col13 where Col1 = '"",C43,""' and Col8 = 'Data Protection and Privacy'""),0)>70,1,0)"),"#REF!") -> #REF! | W43: =IFERROR(__xludf.DUMMYFUNCTION("IF(query(Data!A:M,CONCATENATE(""select Col13 where Col1 = '"",C43,""' and Col8 = 'Gender Equality'""),0)>70,1,0)"),"#REF!") -> #REF! | X43: =IFERROR(__xludf.DUMMYFUNCTION("IF(query(Data!A:M,CONCATENATE(""select Col13 where Col1 = '"",C43,""' and Col8 = 'Human Oversight and Determination'""),0)>70,1,0)"),"#REF!") -> #REF! | Y43: =IFERROR(__xludf.DUMMYFUNCTION("IF(query(Data!A:M,CONCATENATE(""select Col13 where Col1 = '"",C43,""' and Col8 = 'Labour Protection and Right to Work'""),0)>70,1,0)"),"#REF!") -> #REF! | Z43: =IFERROR(__xludf.DUMMYFUNCTION("IF(query(Data!A:M,CONCATENATE(""select Col13 where Col1 = '"",C43,""' and Col8 = 'Safety, Accuracy and Reliability'""),0)>70,1,0)"),"#REF!") -> #REF! | AA43: =IFERROR(__xludf.DUMMYFUNCTION("IF(query(Data!A:M,CONCATENATE(""select Col13 where Col1 = '"",C43,""' and Col8 = 'Transparency and Explainability'""),0)>70,1,0)"),"#REF!") -> #REF! | AB43: =COUNTIFS(Data!AF:AF,"1",Data!A:A,C43) -> 0 | AC43: =COUNTIFS(Data!X:X,">0",Data!A:A,C43) -> 0 | AD43: =COUNTIFS(Data!AJ:AJ,"12",Data!A:A,C43) -> 0 | AE43: =COUNTIFS(Data!AJ:AJ,"17",Data!A:A,C43) -> 0 | AF43: =COUNTIFS(Data!Y:Y,">0",Data!A:A,C43) -> 0 | AG43: =IF(COUNTIFS(Data!AO:AO,"1",Data!A:A,C43)>0,"Sí","No") -> No | AH43: =IFERROR(__xludf.DUMMYFUNCTION("IFERROR(query(query(Data!A:BS,CONCATENATE(""select Col50, count(Col49) where Col1 = '"",C43,""' group by Col50"")), CONCATENATE(""select Col1 where Col2 = "",query(query(query(Data!A:BS,CONCATENATE(""select Col50, count(Col49) where Col1 = '"",C43,""' and"&" Col50 <> 'Other' and Col50 is not null group by Col50"")),""select max(Col2)"",0),""Select *"",0),"" limit 1""),0))"),"") | AI43: =IFERROR(VLOOKUP(AH43,ref!$A:$B,2,FALSE),"") | AJ43: =IF(COUNTIFS(Data!BI:BI,"1",Data!A:A,C43)>0,"Sí","No") -> No | AK43: =IFERROR(__xludf.DUMMYFUNCTION("IFERROR(query(query(Data!A:BS,CONCATENATE(""select Col70, count(Col69) where Col1 = '"",C43,""' group by Col70"")), CONCATENATE(""select Col1 where Col2 = "",query(query(query(Data!A:BS,CONCATENATE(""select Col70, count(Col69) where Col1 = '"",C43,""' and"&" Col70 <> 'Other' and Col70 is not null group by Col70"")),""select max(Col2)"",0),""Select *"",0),"" limit 1""),0))"),"") | AL43: =IFERROR(VLOOKUP(AK43,ref!$A:$B,2,FALSE),"")
A44: 13 | B44: SVN | C44: Slovenia | D44: Eslovenia | E44: Europa | F44: Europa | G44: Europa del Sur | H44: 49.577852 | I44: 68.891718 | J44: 39.633503 | K44: 30.838816 | L44: 51.974286 | M44: 47.122333 | N44: 51.353333 | O44: Alto | P44: Alto | Q44: Muy alto | R44: =XLOOKUP(max(L44:N44),L44:N44,$L$2:$N$2,"",0) -> ddhh | S44: =IFERROR(__xludf.DUMMYFUNCTION("IF(query(Data!A:M,CONCATENATE(""select Col13 where Col1 = '"",C44,""' and Col8 = 'Bias and Unfair Discrimination'""),0)>70,1,0)"),"#REF!") -> #REF! | T44: =IFERROR(__xludf.DUMMYFUNCTION("IF(query(Data!A:M,CONCATENATE(""select Col13 where Col1 = '"",C44,""' and Col8 = 'Childrens Rights'""),0)>70,1,0)"),"#REF!") -> #REF! | U44: =IFERROR(__xludf.DUMMYFUNCTION("IF(query(Data!A:M,CONCATENATE(""select Col13 where Col1 = '"",C44,""' and Col8 = 'Cultural and Linguistic Diversity'""),0)>70,1,0)"),"#REF!") -> #REF! | V44: =IFERROR(__xludf.DUMMYFUNCTION("IF(query(Data!A:M,CONCATENATE(""select Col13 where Col1 = '"",C44,""' and Col8 = 'Data Protection and Privacy'""),0)>70,1,0)"),"#REF!") -> #REF! | W44: =IFERROR(__xludf.DUMMYFUNCTION("IF(query(Data!A:M,CONCATENATE(""select Col13 where Col1 = '"",C44,""' and Col8 = 'Gender Equality'""),0)>70,1,0)"),"#REF!") -> #REF! | X44: =IFERROR(__xludf.DUMMYFUNCTION("IF(query(Data!A:M,CONCATENATE(""select Col13 where Col1 = '"",C44,""' and Col8 = 'Human Oversight and Determination'""),0)>70,1,0)"),"#REF!") -> #REF! | Y44: =IFERROR(__xludf.DUMMYFUNCTION("IF(query(Data!A:M,CONCATENATE(""select Col13 where Col1 = '"",C44,""' and Col8 = 'Labour Protection and Right to Work'""),0)>70,1,0)"),"#REF!") -> #REF! | Z44: =IFERROR(__xludf.DUMMYFUNCTION("IF(query(Data!A:M,CONCATENATE(""select Col13 where Col1 = '"",C44,""' and Col8 = 'Safety, Accuracy and Reliability'""),0)>70,1,0)"),"#REF!") -> #REF! | AA44: =IFERROR(__xludf.DUMMYFUNCTION("IF(query(Data!A:M,CONCATENATE(""select Col13 where Col1 = '"",C44,""' and Col8 = 'Transparency and Explainability'""),0)>70,1,0)"),"#REF!") -> #REF! | AB44: =COUNTIFS(Data!AF:AF,"1",Data!A:A,C44) -> 0 | AC44: =COUNTIFS(Data!X:X,">0",Data!A:A,C44) -> 0 | AD44: =COUNTIFS(Data!AJ:AJ,"12",Data!A:A,C44) -> 0 | AE44: =COUNTIFS(Data!AJ:AJ,"17",Data!A:A,C44) -> 0 | AF44: =COUNTIFS(Data!Y:Y,">0",Data!A:A,C44) -> 0 | AG44: =IF(COUNTIFS(Data!AO:AO,"1",Data!A:A,C44)>0,"Sí","No") -> No | AH44: =IFERROR(__xludf.DUMMYFUNCTION("IFERROR(query(query(Data!A:BS,CONCATENATE(""select Col50, count(Col49) where Col1 = '"",C44,""' group by Col50"")), CONCATENATE(""select Col1 where Col2 = "",query(query(query(Data!A:BS,CONCATENATE(""select Col50, count(Col49) where Col1 = '"",C44,""' and"&" Col50 <> 'Other' and Col50 is not null group by Col50"")),""select max(Col2)"",0),""Select *"",0),"" limit 1""),0))"),"") | AI44: =IFERROR(VLOOKUP(AH44,ref!$A:$B,2,FALSE),"") | AJ44: =IF(COUNTIFS(Data!BI:BI,"1",Data!A:A,C44)>0,"Sí","No") -> No | AK44: =IFERROR(__xludf.DUMMYFUNCTION("IFERROR(query(query(Data!A:BS,CONCATENATE(""select Col70, count(Col69) where Col1 = '"",C44,""' group by Col70"")), CONCATENATE(""select Col1 where Col2 = "",query(query(query(Data!A:BS,CONCATENATE(""select Col70, count(Col69) where Col1 = '"",C44,""' and"&" Col70 <> 'Other' and Col70 is not null group by Col70"")),""select max(Col2)"",0),""Select *"",0),"" limit 1""),0))"),"") | AL44: =IFERROR(VLOOKUP(AK44,ref!$A:$B,2,FALSE),"")
A45: 16 | B45: ESP | C45: Spain | D45: España | E45: Europa | F45: Europa | G45: Europa del Sur | H45: 45.078244 | I45: 68.016592 | J45: 33.357745 | K45: 22.642544 | L45: 47.587143 | M45: 41.821111 | N45: 48.994667 | O45: Alto | P45: Alto | Q45: Muy alto | R45: =XLOOKUP(max(L45:N45),L45:N45,$L$2:$N$2,"",0) -> cap | S45: =IFERROR(__xludf.DUMMYFUNCTION("IF(query(Data!A:M,CONCATENATE(""select Col13 where Col1 = '"",C45,""' and Col8 = 'Bias and Unfair Discrimination'""),0)>70,1,0)"),"#REF!") -> #REF! | T45: =IFERROR(__xludf.DUMMYFUNCTION("IF(query(Data!A:M,CONCATENATE(""select Col13 where Col1 = '"",C45,""' and Col8 = 'Childrens Rights'""),0)>70,1,0)"),"#REF!") -> #REF! | U45: =IFERROR(__xludf.DUMMYFUNCTION("IF(query(Data!A:M,CONCATENATE(""select Col13 where Col1 = '"",C45,""' and Col8 = 'Cultural and Linguistic Diversity'""),0)>70,1,0)"),"#REF!") -> #REF! | V45: =IFERROR(__xludf.DUMMYFUNCTION("IF(query(Data!A:M,CONCATENATE(""select Col13 where Col1 = '"",C45,""' and Col8 = 'Data Protection and Privacy'""),0)>70,1,0)"),"#REF!") -> #REF! | W45: =IFERROR(__xludf.DUMMYFUNCTION("IF(query(Data!A:M,CONCATENATE(""select Col13 where Col1 = '"",C45,""' and Col8 = 'Gender Equality'""),0)>70,1,0)"),"#REF!") -> #REF! | X45: =IFERROR(__xludf.DUMMYFUNCTION("IF(query(Data!A:M,CONCATENATE(""select Col13 where Col1 = '"",C45,""' and Col8 = 'Human Oversight and Determination'""),0)>70,1,0)"),"#REF!") -> #REF! | Y45: =IFERROR(__xludf.DUMMYFUNCTION("IF(query(Data!A:M,CONCATENATE(""select Col13 where Col1 = '"",C45,""' and Col8 = 'Labour Protection and Right to Work'""),0)>70,1,0)"),"#REF!") -> #REF! | Z45: =IFERROR(__xludf.DUMMYFUNCTION("IF(query(Data!A:M,CONCATENATE(""select Col13 where Col1 = '"",C45,""' and Col8 = 'Safety, Accuracy and Reliability'""),0)>70,1,0)"),"#REF!") -> #REF! | AA45: =IFERROR(__xludf.DUMMYFUNCTION("IF(query(Data!A:M,CONCATENATE(""select Col13 where Col1 = '"",C45,""' and Col8 = 'Transparency and Explainability'""),0)>70,1,0)"),"#REF!") -> #REF! | AB45: =COUNTIFS(Data!AF:AF,"1",Data!A:A,C45) -> 0 | AC45: =COUNTIFS(Data!X:X,">0",Data!A:A,C45) -> 0 | AD45: =COUNTIFS(Data!AJ:AJ,"12",Data!A:A,C45) -> 0 | AE45: =COUNTIFS(Data!AJ:AJ,"17",Data!A:A,C45) -> 0 | AF45: =COUNTIFS(Data!Y:Y,">0",Data!A:A,C45) -> 0 | AG45: =IF(COUNTIFS(Data!AO:AO,"1",Data!A:A,C45)>0,"Sí","No") -> No | AH45: =IFERROR(__xludf.DUMMYFUNCTION("IFERROR(query(query(Data!A:BS,CONCATENATE(""select Col50, count(Col49) where Col1 = '"",C45,""' group by Col50"")), CONCATENATE(""select Col1 where Col2 = "",query(query(query(Data!A:BS,CONCATENATE(""select Col50, count(Col49) where Col1 = '"",C45,""' and"&" Col50 <> 'Other' and Col50 is not null group by Col50"")),""select max(Col2)"",0),""Select *"",0),"" limit 1""),0))"),"") | AI45: =IFERROR(VLOOKUP(AH45,ref!$A:$B,2,FALSE),"") | AJ45: =IF(COUNTIFS(Data!BI:BI,"1",Data!A:A,C45)>0,"Sí","No") -> No | AK45: =IFERROR(__xludf.DUMMYFUNCTION("IFERROR(query(query(Data!A:BS,CONCATENATE(""select Col70, count(Col69) where Col1 = '"",C45,""' group by Col70"")), CONCATENATE(""select Col1 where Col2 = "",query(query(query(Data!A:BS,CONCATENATE(""select Col70, count(Col69) where Col1 = '"",C45,""' and"&" Col70 <> 'Other' and Col70 is not null group by Col70"")),""select max(Col2)"",0),""Select *"",0),"" limit 1""),0))"),"") | AL45: =IFERROR(VLOOKUP(AK45,ref!$A:$B,2,FALSE),"")
A46: 5 | B46: USA | C46: United States of America | D46: Estados Unidos de América | E46: América del Norte | F46: América | G46: América del Norte | H46: 72.810328 | I46: 62.406384 | J46: 79.186321 | K46: 80.866228 | L46: 65.372429 | M46: 74.752444 | N46: 84.338667 | O46: Muy alto | P46: Muy alto | Q46: Muy alto | R46: =XLOOKUP(max(L46:N46),L46:N46,$L$2:$N$2,"",0) -> cap | S46: =IFERROR(__xludf.DUMMYFUNCTION("IF(query(Data!A:M,CONCATENATE(""select Col13 where Col1 = '"",C46,""' and Col8 = 'Bias and Unfair Discrimination'""),0)>70,1,0)"),"#REF!") -> #REF! | T46: =IFERROR(__xludf.DUMMYFUNCTION("IF(query(Data!A:M,CONCATENATE(""select Col13 where Col1 = '"",C46,""' and Col8 = 'Childrens Rights'""),0)>70,1,0)"),"#REF!") -> #REF! | U46: =IFERROR(__xludf.DUMMYFUNCTION("IF(query(Data!A:M,CONCATENATE(""select Col13 where Col1 = '"",C46,""' and Col8 = 'Cultural and Linguistic Diversity'""),0)>70,1,0)"),"#REF!") -> #REF! | V46: =IFERROR(__xludf.DUMMYFUNCTION("IF(query(Data!A:M,CONCATENATE(""select Col13 where Col1 = '"",C46,""' and Col8 = 'Data Protection and Privacy'""),0)>70,1,0)"),"#REF!") -> #REF! | W46: =IFERROR(__xludf.DUMMYFUNCTION("IF(query(Data!A:M,CONCATENATE(""select Col13 where Col1 = '"",C46,""' and Col8 = 'Gender Equality'""),0)>70,1,0)"),"#REF!") -> #REF! | X46: =IFERROR(__xludf.DUMMYFUNCTION("IF(query(Data!A:M,CONCATENATE(""select Col13 where Col1 = '"",C46,""' and Col8 = 'Human Oversight and Determination'""),0)>70,1,0)"),"#REF!") -> #REF! | Y46: =IFERROR(__xludf.DUMMYFUNCTION("IF(query(Data!A:M,CONCATENATE(""select Col13 where Col1 = '"",C46,""' and Col8 = 'Labour Protection and Right to Work'""),0)>70,1,0)"),"#REF!") -> #REF! | Z46: =IFERROR(__xludf.DUMMYFUNCTION("IF(query(Data!A:M,CONCATENATE(""select Col13 where Col1 = '"",C46,""' and Col8 = 'Safety, Accuracy and Reliability'""),0)>70,1,0)"),"#REF!") -> #REF! | AA46: =IFERROR(__xludf.DUMMYFUNCTION("IF(query(Data!A:M,CONCATENATE(""select Col13 where Col1 = '"",C46,""' and Col8 = 'Transparency and Explainability'""),0)>70,1,0)"),"#REF!") -> #REF! | AB46: =COUNTIFS(Data!AF:AF,"1",Data!A:A,C46) -> 0 | AC46: =COUNTIFS(Data!X:X,">0",Data!A:A,C46) -> 0 | AD46: =COUNTIFS(Data!AJ:AJ,"12",Data!A:A,C46) -> 0 | AE46: =COUNTIFS(Data!AJ:AJ,"17",Data!A:A,C46) -> 0 | AF46: =COUNTIFS(Data!Y:Y,">0",Data!A:A,C46) -> 0 | AG46: =IF(COUNTIFS(Data!AO:AO,"1",Data!A:A,C46)>0,"Sí","No") -> No | AH46: =IFERROR(__xludf.DUMMYFUNCTION("IFERROR(query(query(Data!A:BS,CONCATENATE(""select Col50, count(Col49) where Col1 = '"",C46,""' group by Col50"")), CONCATENATE(""select Col1 where Col2 = "",query(query(query(Data!A:BS,CONCATENATE(""select Col50, count(Col49) where Col1 = '"",C46,""' and"&" Col50 <> 'Other' and Col50 is not null group by Col50"")),""select max(Col2)"",0),""Select *"",0),"" limit 1""),0))"),"") | AI46: =IFERROR(VLOOKUP(AH46,ref!$A:$B,2,FALSE),"") | AJ46: =IF(COUNTIFS(Data!BI:BI,"1",Data!A:A,C46)>0,"Sí","No") -> No | AK46: =IFERROR(__xludf.DUMMYFUNCTION("IFERROR(query(query(Data!A:BS,CONCATENATE(""select Col70, count(Col69) where Col1 = '"",C46,""' group by Col70"")), CONCATENATE(""select Col1 where Col2 = "",query(query(query(Data!A:BS,CONCATENATE(""select Col70, count(Col69) where Col1 = '"",C46,""' and"&" Col70 <> 'Other' and Col70 is not null group by Col70"")),""select max(Col2)"",0),""Select *"",0),"" limit 1""),0))"),"") | AL46: =IFERROR(VLOOKUP(AK46,ref!$A:$B,2,FALSE),"")
A47: 6 | B47: EST | C47: Estonia | D47: Estonia | E47: Europa | F47: Europa | G47: Europa del Norte | H47: 67.613084 | I47: 65.582589 | J47: 81.520295 | K47: 43.859649 | L47: 65.847 | M47: 72.009778 | N47: 58.542667 | O47: Muy alto | P47: Muy alto | Q47: Muy alto | R47: =XLOOKUP(max(L47:N47),L47:N47,$L$2:$N$2,"",0) -> gob | S47: =IFERROR(__xludf.DUMMYFUNCTION("IF(query(Data!A:M,CONCATENATE(""select Col13 where Col1 = '"",C47,""' and Col8 = 'Bias and Unfair Discrimination'""),0)>70,1,0)"),"#REF!") -> #REF! | T47: =IFERROR(__xludf.DUMMYFUNCTION("IF(query(Data!A:M,CONCATENATE(""select Col13 where Col1 = '"",C47,""' and Col8 = 'Childrens Rights'""),0)>70,1,0)"),"#REF!") -> #REF! | U47: =IFERROR(__xludf.DUMMYFUNCTION("IF(query(Data!A:M,CONCATENATE(""select Col13 where Col1 = '"",C47,""' and Col8 = 'Cultural and Linguistic Diversity'""),0)>70,1,0)"),"#REF!") -> #REF! | V47: =IFERROR(__xludf.DUMMYFUNCTION("IF(query(Data!A:M,CONCATENATE(""select Col13 where Col1 = '"",C47,""' and Col8 = 'Data Protection and Privacy'""),0)>70,1,0)"),"#REF!") -> #REF! | W47: =IFERROR(__xludf.DUMMYFUNCTION("IF(query(Data!A:M,CONCATENATE(""select Col13 where Col1 = '"",C47,""' and Col8 = 'Gender Equality'""),0)>70,1,0)"),"#REF!") -> #REF! | X47: =IFERROR(__xludf.DUMMYFUNCTION("IF(query(Data!A:M,CONCATENATE(""select Col13 where Col1 = '"",C47,""' and Col8 = 'Human Oversight and Determination'""),0)>70,1,0)"),"#REF!") -> #REF! | Y47: =IFERROR(__xludf.DUMMYFUNCTION("IF(query(Data!A:M,CONCATENATE(""select Col13 where Col1 = '"",C47,""' and Col8 = 'Labour Protection and Right to Work'""),0)>70,1,0)"),"#REF!") -> #REF! | Z47: =IFERROR(__xludf.DUMMYFUNCTION("IF(query(Data!A:M,CONCATENATE(""select Col13 where Col1 = '"",C47,""' and Col8 = 'Safety, Accuracy and Reliability'""),0)>70,1,0)"),"#REF!") -> #REF! | AA47: =IFERROR(__xludf.DUMMYFUNCTION("IF(query(Data!A:M,CONCATENATE(""select Col13 where Col1 = '"",C47,""' and Col8 = 'Transparency and Explainability'""),0)>70,1,0)"),"#REF!") -> #REF! | AB47: =COUNTIFS(Data!AF:AF,"1",Data!A:A,C47) -> 0 | AC47: =COUNTIFS(Data!X:X,">0",Data!A:A,C47) -> 0 | AD47: =COUNTIFS(Data!AJ:AJ,"12",Data!A:A,C47) -> 0 | AE47: =COUNTIFS(Data!AJ:AJ,"17",Data!A:A,C47) -> 0 | AF47: =COUNTIFS(Data!Y:Y,">0",Data!A:A,C47) -> 0 | AG47: =IF(COUNTIFS(Data!AO:AO,"1",Data!A:A,C47)>0,"Sí","No") -> No | AH47: =IFERROR(__xludf.DUMMYFUNCTION("IFERROR(query(query(Data!A:BS,CONCATENATE(""select Col50, count(Col49) where Col1 = '"",C47,""' group by Col50"")), CONCATENATE(""select Col1 where Col2 = "",query(query(query(Data!A:BS,CONCATENATE(""select Col50, count(Col49) where Col1 = '"",C47,""' and"&" Col50 <> 'Other' and Col50 is not null group by Col50"")),""select max(Col2)"",0),""Select *"",0),"" limit 1""),0))"),"") | AI47: =IFERROR(VLOOKUP(AH47,ref!$A:$B,2,FALSE),"") | AJ47: =IF(COUNTIFS(Data!BI:BI,"1",Data!A:A,C47)>0,"Sí","No") -> No | AK47: =IFERROR(__xludf.DUMMYFUNCTION("IFERROR(query(query(Data!A:BS,CONCATENATE(""select Col70, count(Col69) where Col1 = '"",C47,""' group by Col70"")), CONCATENATE(""select Col1 where Col2 = "",query(query(query(Data!A:BS,CONCATENATE(""select Col70, count(Col69) where Col1 = '"",C47,""' and"&" Col70 <> 'Other' and Col70 is not null group by Col70"")),""select max(Col2)"",0),""Select *"",0),"" limit 1""),0))"),"") | AL47: =IFERROR(VLOOKUP(AK47,ref!$A:$B,2,FALSE),"")
A48: 87 | B48: ETH | C48: Ethiopia | D48: Etiopía | E48: África | F48: África | G48: África Subsahariana | H48: 6.0981464 | I48: 0 | J48: 11.32541 | K48: 7.8399123 | L48: 6.853 | M48: 4.7282222 | N48: 8.4466667 | O48: Bajo | P48: Bajo | Q48: Bajo | R48: =XLOOKUP(max(L48:N48),L48:N48,$L$2:$N$2,"",0) -> cap | S48: =IFERROR(__xludf.DUMMYFUNCTION("IF(query(Data!A:M,CONCATENATE(""select Col13 where Col1 = '"",C48,""' and Col8 = 'Bias and Unfair Discrimination'""),0)>70,1,0)"),"#REF!") -> #REF! | T48: =IFERROR(__xludf.DUMMYFUNCTION("IF(query(Data!A:M,CONCATENATE(""select Col13 where Col1 = '"",C48,""' and Col8 = 'Childrens Rights'""),0)>70,1,0)"),"#REF!") -> #REF! | U48: =IFERROR(__xludf.DUMMYFUNCTION("IF(query(Data!A:M,CONCATENATE(""select Col13 where Col1 = '"",C48,""' and Col8 = 'Cultural and Linguistic Diversity'""),0)>70,1,0)"),"#REF!") -> #REF! | V48: =IFERROR(__xludf.DUMMYFUNCTION("IF(query(Data!A:M,CONCATENATE(""select Col13 where Col1 = '"",C48,""' and Col8 = 'Data Protection and Privacy'""),0)>70,1,0)"),"#REF!") -> #REF! | W48: =IFERROR(__xludf.DUMMYFUNCTION("IF(query(Data!A:M,CONCATENATE(""select Col13 where Col1 = '"",C48,""' and Col8 = 'Gender Equality'""),0)>70,1,0)"),"#REF!") -> #REF! | X48: =IFERROR(__xludf.DUMMYFUNCTION("IF(query(Data!A:M,CONCATENATE(""select Col13 where Col1 = '"",C48,""' and Col8 = 'Human Oversight and Determination'""),0)>70,1,0)"),"#REF!") -> #REF! | Y48: =IFERROR(__xludf.DUMMYFUNCTION("IF(query(Data!A:M,CONCATENATE(""select Col13 where Col1 = '"",C48,""' and Col8 = 'Labour Protection and Right to Work'""),0)>70,1,0)"),"#REF!") -> #REF! | Z48: =IFERROR(__xludf.DUMMYFUNCTION("IF(query(Data!A:M,CONCATENATE(""select Col13 where Col1 = '"",C48,""' and Col8 = 'Safety, Accuracy and Reliability'""),0)>70,1,0)"),"#REF!") -> #REF! | AA48: =IFERROR(__xludf.DUMMYFUNCTION("IF(query(Data!A:M,CONCATENATE(""select Col13 where Col1 = '"",C48,""' and Col8 = 'Transparency and Explainability'""),0)>70,1,0)"),"#REF!") -> #REF! | AB48: =COUNTIFS(Data!AF:AF,"1",Data!A:A,C48) -> 0 | AC48: =COUNTIFS(Data!X:X,">0",Data!A:A,C48) -> 0 | AD48: =COUNTIFS(Data!AJ:AJ,"12",Data!A:A,C48) -> 0 | AE48: =COUNTIFS(Data!AJ:AJ,"17",Data!A:A,C48) -> 0 | AF48: =COUNTIFS(Data!Y:Y,">0",Data!A:A,C48) -> 0 | AG48: =IF(COUNTIFS(Data!AO:AO,"1",Data!A:A,C48)>0,"Sí","No") -> No | AH48: =IFERROR(__xludf.DUMMYFUNCTION("IFERROR(query(query(Data!A:BS,CONCATENATE(""select Col50, count(Col49) where Col1 = '"",C48,""' group by Col50"")), CONCATENATE(""select Col1 where Col2 = "",query(query(query(Data!A:BS,CONCATENATE(""select Col50, count(Col49) where Col1 = '"",C48,""' and"&" Col50 <> 'Other' and Col50 is not null group by Col50"")),""select max(Col2)"",0),""Select *"",0),"" limit 1""),0))"),"") | AI48: =IFERROR(VLOOKUP(AH48,ref!$A:$B,2,FALSE),"") | AJ48: =IF(COUNTIFS(Data!BI:BI,"1",Data!A:A,C48)>0,"Sí","No") -> No | AK48: =IFERROR(__xludf.DUMMYFUNCTION("IFERROR(query(query(Data!A:BS,CONCATENATE(""select Col70, count(Col69) where Col1 = '"",C48,""' group by Col70"")), CONCATENATE(""select Col1 where Col2 = "",query(query(query(Data!A:BS,CONCATENATE(""select Col70, count(Col69) where Col1 = '"",C48,""' and"&" Col70 <> 'Other' and Col70 is not null group by Col70"")),""select max(Col2)"",0),""Select *"",0),"" limit 1""),0))"),"") | AL48: =IFERROR(VLOOKUP(AK48,ref!$A:$B,2,FALSE),"")
A49: 31 | B49: PHL | C49: Philippines | D49: Filipinas | E49: Asia y Oceanía | F49: Asia | G49: Sudeste Asiático | H49: 35.455572 | I49: 19.241352 | J49: 40.717478 | K49: 57.360197 | L49: 34.865571 | M49: 37.844333 | N49: 29.665667 | O49: Medio | P49: Medio | Q49: Alto | R49: =XLOOKUP(max(L49:N49),L49:N49,$L$2:$N$2,"",0) -> gob | S49: =IFERROR(__xludf.DUMMYFUNCTION("IF(query(Data!A:M,CONCATENATE(""select Col13 where Col1 = '"",C49,""' and Col8 = 'Bias and Unfair Discrimination'""),0)>70,1,0)"),"#REF!") -> #REF! | T49: =IFERROR(__xludf.DUMMYFUNCTION("IF(query(Data!A:M,CONCATENATE(""select Col13 where Col1 = '"",C49,""' and Col8 = 'Childrens Rights'""),0)>70,1,0)"),"#REF!") -> #REF! | U49: =IFERROR(__xludf.DUMMYFUNCTION("IF(query(Data!A:M,CONCATENATE(""select Col13 where Col1 = '"",C49,""' and Col8 = 'Cultural and Linguistic Diversity'""),0)>70,1,0)"),"#REF!") -> #REF! | V49: =IFERROR(__xludf.DUMMYFUNCTION("IF(query(Data!A:M,CONCATENATE(""select Col13 where Col1 = '"",C49,""' and Col8 = 'Data Protection and Privacy'""),0)>70,1,0)"),"#REF!") -> #REF! | W49: =IFERROR(__xludf.DUMMYFUNCTION("IF(query(Data!A:M,CONCATENATE(""select Col13 where Col1 = '"",C49,""' and Col8 = 'Gender Equality'""),0)>70,1,0)"),"#REF!") -> #REF! | X49: =IFERROR(__xludf.DUMMYFUNCTION("IF(query(Data!A:M,CONCATENATE(""select Col13 where Col1 = '"",C49,""' and Col8 = 'Human Oversight and Determination'""),0)>70,1,0)"),"#REF!") -> #REF! | Y49: =IFERROR(__xludf.DUMMYFUNCTION("IF(query(Data!A:M,CONCATENATE(""select Col13 where Col1 = '"",C49,""' and Col8 = 'Labour Protection and Right to Work'""),0)>70,1,0)"),"#REF!") -> #REF! | Z49: =IFERROR(__xludf.DUMMYFUNCTION("IF(query(Data!A:M,CONCATENATE(""select Col13 where Col1 = '"",C49,""' and Col8 = 'Safety, Accuracy and Reliability'""),0)>70,1,0)"),"#REF!") -> #REF! | AA49: =IFERROR(__xludf.DUMMYFUNCTION("IF(query(Data!A:M,CONCATENATE(""select Col13 where Col1 = '"",C49,""' and Col8 = 'Transparency and Explainability'""),0)>70,1,0)"),"#REF!") -> #REF! | AB49: =COUNTIFS(Data!AF:AF,"1",Data!A:A,C49) -> 0 | AC49: =COUNTIFS(Data!X:X,">0",Data!A:A,C49) -> 0 | AD49: =COUNTIFS(Data!AJ:AJ,"12",Data!A:A,C49) -> 0 | AE49: =COUNTIFS(Data!AJ:AJ,"17",Data!A:A,C49) -> 0 | AF49: =COUNTIFS(Data!Y:Y,">0",Data!A:A,C49) -> 0 | AG49: =IF(COUNTIFS(Data!AO:AO,"1",Data!A:A,C49)>0,"Sí","No") -> No | AH49: =IFERROR(__xludf.DUMMYFUNCTION("IFERROR(query(query(Data!A:BS,CONCATENATE(""select Col50, count(Col49) where Col1 = '"",C49,""' group by Col50"")), CONCATENATE(""select Col1 where Col2 = "",query(query(query(Data!A:BS,CONCATENATE(""select Col50, count(Col49) where Col1 = '"",C49,""' and"&" Col50 <> 'Other' and Col50 is not null group by Col50"")),""select max(Col2)"",0),""Select *"",0),"" limit 1""),0))"),"") | AI49: =IFERROR(VLOOKUP(AH49,ref!$A:$B,2,FALSE),"") | AJ49: =IF(COUNTIFS(Data!BI:BI,"1",Data!A:A,C49)>0,"Sí","No") -> No | AK49: =IFERROR(__xludf.DUMMYFUNCTION("IFERROR(query(query(Data!A:BS,CONCATENATE(""select Col70, count(Col69) where Col1 = '"",C49,""' group by Col70"")), CONCATENATE(""select Col1 where Col2 = "",query(query(query(Data!A:BS,CONCATENATE(""select Col70, count(Col69) where Col1 = '"",C49,""' and"&" Col70 <> 'Other' and Col70 is not null group by Col70"")),""select max(Col2)"",0),""Select *"",0),"" limit 1""),0))"),"") | AL49: =IFERROR(VLOOKUP(AK49,ref!$A:$B,2,FALSE),"")
A50: 20 | B50: FIN | C50: Finland | D50: Finlandia | E50: Europa | F50: Europa | G50: Europa del Norte | H50: 43.069348 | I50: 36.451093 | J50: 49.292453 | K50: 43.859649 | L50: 36.584429 | M50: 47.238333 | N50: 45.694 | O50: Muy alto | P50: Muy alto | Q50: Muy alto | R50: =XLOOKUP(max(L50:N50),L50:N50,$L$2:$N$2,"",0) -> gob | S50: =IFERROR(__xludf.DUMMYFUNCTION("IF(query(Data!A:M,CONCATENATE(""select Col13 where Col1 = '"",C50,""' and Col8 = 'Bias and Unfair Discrimination'""),0)>70,1,0)"),"#REF!") -> #REF! | T50: =IFERROR(__xludf.DUMMYFUNCTION("IF(query(Data!A:M,CONCATENATE(""select Col13 where Col1 = '"",C50,""' and Col8 = 'Childrens Rights'""),0)>70,1,0)"),"#REF!") -> #REF! | U50: =IFERROR(__xludf.DUMMYFUNCTION("IF(query(Data!A:M,CONCATENATE(""select Col13 where Col1 = '"",C50,""' and Col8 = 'Cultural and Linguistic Diversity'""),0)>70,1,0)"),"#REF!") -> #REF! | V50: =IFERROR(__xludf.DUMMYFUNCTION("IF(query(Data!A:M,CONCATENATE(""select Col13 where Col1 = '"",C50,""' and Col8 = 'Data Protection and Privacy'""),0)>70,1,0)"),"#REF!") -> #REF! | W50: =IFERROR(__xludf.DUMMYFUNCTION("IF(query(Data!A:M,CONCATENATE(""select Col13 where Col1 = '"",C50,""' and Col8 = 'Gender Equality'""),0)>70,1,0)"),"#REF!") -> #REF! | X50: =IFERROR(__xludf.DUMMYFUNCTION("IF(query(Data!A:M,CONCATENATE(""select Col13 where Col1 = '"",C50,""' and Col8 = 'Human Oversight and Determination'""),0)>70,1,0)"),"#REF!") -> #REF! | Y50: =IFERROR(__xludf.DUMMYFUNCTION("IF(query(Data!A:M,CONCATENATE(""select Col13 where Col1 = '"",C50,""' and Col8 = 'Labour Protection and Right to Work'""),0)>70,1,0)"),"#REF!") -> #REF! | Z50: =IFERROR(__xludf.DUMMYFUNCTION("IF(query(Data!A:M,CONCATENATE(""select Col13 where Col1 = '"",C50,""' and Col8 = 'Safety, Accuracy and Reliability'""),0)>70,1,0)"),"#REF!") -> #REF! | AA50: =IFERROR(__xludf.DUMMYFUNCTION("IF(query(Data!A:M,CONCATENATE(""select Col13 where Col1 = '"",C50,""' and Col8 = 'Transparency and Explainability'""),0)>70,1,0)"),"#REF!") -> #REF! | AB50: =COUNTIFS(Data!AF:AF,"1",Data!A:A,C50) -> 0 | AC50: =COUNTIFS(Data!X:X,">0",Data!A:A,C50) -> 0 | AD50: =COUNTIFS(Data!AJ:AJ,"12",Data!A:A,C50) -> 0 | AE50: =COUNTIFS(Data!AJ:AJ,"17",Data!A:A,C50) -> 0 | AF50: =COUNTIFS(Data!Y:Y,">0",Data!A:A,C50) -> 0 | AG50: =IF(COUNTIFS(Data!AO:AO,"1",Data!A:A,C50)>0,"Sí","No") -> No | AH50: =IFERROR(__xludf.DUMMYFUNCTION("IFERROR(query(query(Data!A:BS,CONCATENATE(""select Col50, count(Col49) where Col1 = '"",C50,""' group by Col50"")), CONCATENATE(""select Col1 where Col2 = "",query(query(query(Data!A:BS,CONCATENATE(""select Col50, count(Col49) where Col1 = '"",C50,""' and"&" Col50 <> 'Other' and Col50 is not null group by Col50"")),""select max(Col2)"",0),""Select *"",0),"" limit 1""),0))"),"") | AI50: =IFERROR(VLOOKUP(AH50,ref!$A:$B,2,FALSE),"") | AJ50: =IF(COUNTIFS(Data!BI:BI,"1",Data!A:A,C50)>0,"Sí","No") -> No | AK50: =IFERROR(__xludf.DUMMYFUNCTION("IFERROR(query(query(Data!A:BS,CONCATENATE(""select Col70, count(Col69) where Col1 = '"",C50,""' group by Col70"")), CONCATENATE(""select Col1 where Col2 = "",query(query(query(Data!A:BS,CONCATENATE(""select Col70, count(Col69) where Col1 = '"",C50,""' and"&" Col70 <> 'Other' and Col70 is not null group by Col70"")),""select max(Col2)"",0),""Select *"",0),"" limit 1""),0))"),"") | AL50: =IFERROR(VLOOKUP(AK50,ref!$A:$B,2,FALSE),"")
A51: 8 | B51: FRA | C51: France | D51: Francia | E51: Europa | F51: Europa | G51: Europa Occidental | H51: 57.6232 | I51: 56.23138 | J51: 58.92037 | K51: 57.8125 | L51: 39.839 | M51: 72.274778 | N51: 55.165333 | O51: Muy alto | P51: Muy alto | Q51: Muy alto | R51: =XLOOKUP(max(L51:N51),L51:N51,$L$2:$N$2,"",0) -> gob | S51: =IFERROR(__xludf.DUMMYFUNCTION("IF(query(Data!A:M,CONCATENATE(""select Col13 where Col1 = '"",C51,""' and Col8 = 'Bias and Unfair Discrimination'""),0)>70,1,0)"),"#REF!") -> #REF! | T51: =IFERROR(__xludf.DUMMYFUNCTION("IF(query(Data!A:M,CONCATENATE(""select Col13 where Col1 = '"",C51,""' and Col8 = 'Childrens Rights'""),0)>70,1,0)"),"#REF!") -> #REF! | U51: =IFERROR(__xludf.DUMMYFUNCTION("IF(query(Data!A:M,CONCATENATE(""select Col13 where Col1 = '"",C51,""' and Col8 = 'Cultural and Linguistic Diversity'""),0)>70,1,0)"),"#REF!") -> #REF! | V51: =IFERROR(__xludf.DUMMYFUNCTION("IF(query(Data!A:M,CONCATENATE(""select Col13 where Col1 = '"",C51,""' and Col8 = 'Data Protection and Privacy'""),0)>70,1,0)"),"#REF!") -> #REF! | W51: =IFERROR(__xludf.DUMMYFUNCTION("IF(query(Data!A:M,CONCATENATE(""select Col13 where Col1 = '"",C51,""' and Col8 = 'Gender Equality'""),0)>70,1,0)"),"#REF!") -> #REF! | X51: =IFERROR(__xludf.DUMMYFUNCTION("IF(query(Data!A:M,CONCATENATE(""select Col13 where Col1 = '"",C51,""' and Col8 = 'Human Oversight and Determination'""),0)>70,1,0)"),"#REF!") -> #REF! | Y51: =IFERROR(__xludf.DUMMYFUNCTION("IF(query(Data!A:M,CONCATENATE(""select Col13 where Col1 = '"",C51,""' and Col8 = 'Labour Protection and Right to Work'""),0)>70,1,0)"),"#REF!") -> #REF! | Z51: =IFERROR(__xludf.DUMMYFUNCTION("IF(query(Data!A:M,CONCATENATE(""select Col13 where Col1 = '"",C51,""' and Col8 = 'Safety, Accuracy and Reliability'""),0)>70,1,0)"),"#REF!") -> #REF! | AA51: =IFERROR(__xludf.DUMMYFUNCTION("IF(query(Data!A:M,CONCATENATE(""select Col13 where Col1 = '"",C51,""' and Col8 = 'Transparency and Explainability'""),0)>70,1,0)"),"#REF!") -> #REF! | AB51: =COUNTIFS(Data!AF:AF,"1",Data!A:A,C51) -> 0 | AC51: =COUNTIFS(Data!X:X,">0",Data!A:A,C51) -> 0 | AD51: =COUNTIFS(Data!AJ:AJ,"12",Data!A:A,C51) -> 0 | AE51: =COUNTIFS(Data!AJ:AJ,"17",Data!A:A,C51) -> 0 | AF51: =COUNTIFS(Data!Y:Y,">0",Data!A:A,C51) -> 0 | AG51: =IF(COUNTIFS(Data!AO:AO,"1",Data!A:A,C51)>0,"Sí","No") -> No | AH51: =IFERROR(__xludf.DUMMYFUNCTION("IFERROR(query(query(Data!A:BS,CONCATENATE(""select Col50, count(Col49) where Col1 = '"",C51,""' group by Col50"")), CONCATENATE(""select Col1 where Col2 = "",query(query(query(Data!A:BS,CONCATENATE(""select Col50, count(Col49) where Col1 = '"",C51,""' and"&" Col50 <> 'Other' and Col50 is not null group by Col50"")),""select max(Col2)"",0),""Select *"",0),"" limit 1""),0))"),"") | AI51: =IFERROR(VLOOKUP(AH51,ref!$A:$B,2,FALSE),"") | AJ51: =IF(COUNTIFS(Data!BI:BI,"1",Data!A:A,C51)>0,"Sí","No") -> No | AK51: =IFERROR(__xludf.DUMMYFUNCTION("IFERROR(query(query(Data!A:BS,CONCATENATE(""select Col70, count(Col69) where Col1 = '"",C51,""' group by Col70"")), CONCATENATE(""select Col1 where Col2 = "",query(query(query(Data!A:BS,CONCATENATE(""select Col70, count(Col69) where Col1 = '"",C51,""' and"&" Col70 <> 'Other' and Col70 is not null group by Col70"")),""select max(Col2)"",0),""Select *"",0),"" limit 1""),0))"),"") | AL51: =IFERROR(VLOOKUP(AK51,ref!$A:$B,2,FALSE),"")
A52: 115 | B52: GAB | C52: Gabon | D52: Gabón | E52: África | F52: África | G52: África Subsahariana | H52: 1.6643495 | I52: 2.2560824 | J52: 1.9047914 | K52: 0 | L52: 2.4494286 | M52: 0 | N52: 4.8253333 | O52: Bajo | P52: Bajo | Q52: Medio | R52: =XLOOKUP(max(L52:N52),L52:N52,$L$2:$N$2,"",0) -> cap | S52: =IFERROR(__xludf.DUMMYFUNCTION("IF(query(Data!A:M,CONCATENATE(""select Col13 where Col1 = '"",C52,""' and Col8 = 'Bias and Unfair Discrimination'""),0)>70,1,0)"),"#REF!") -> #REF! | T52: =IFERROR(__xludf.DUMMYFUNCTION("IF(query(Data!A:M,CONCATENATE(""select Col13 where Col1 = '"",C52,""' and Col8 = 'Childrens Rights'""),0)>70,1,0)"),"#REF!") -> #REF! | U52: =IFERROR(__xludf.DUMMYFUNCTION("IF(query(Data!A:M,CONCATENATE(""select Col13 where Col1 = '"",C52,""' and Col8 = 'Cultural and Linguistic Diversity'""),0)>70,1,0)"),"#REF!") -> #REF! | V52: =IFERROR(__xludf.DUMMYFUNCTION("IF(query(Data!A:M,CONCATENATE(""select Col13 where Col1 = '"",C52,""' and Col8 = 'Data Protection and Privacy'""),0)>70,1,0)"),"#REF!") -> #REF! | W52: =IFERROR(__xludf.DUMMYFUNCTION("IF(query(Data!A:M,CONCATENATE(""select Col13 where Col1 = '"",C52,""' and Col8 = 'Gender Equality'""),0)>70,1,0)"),"#REF!") -> #REF! | X52: =IFERROR(__xludf.DUMMYFUNCTION("IF(query(Data!A:M,CONCATENATE(""select Col13 where Col1 = '"",C52,""' and Col8 = 'Human Oversight and Determination'""),0)>70,1,0)"),"#REF!") -> #REF! | Y52: =IFERROR(__xludf.DUMMYFUNCTION("IF(query(Data!A:M,CONCATENATE(""select Col13 where Col1 = '"",C52,""' and Col8 = 'Labour Protection and Right to Work'""),0)>70,1,0)"),"#REF!") -> #REF! | Z52: =IFERROR(__xludf.DUMMYFUNCTION("IF(query(Data!A:M,CONCATENATE(""select Col13 where Col1 = '"",C52,""' and Col8 = 'Safety, Accuracy and Reliability'""),0)>70,1,0)"),"#REF!") -> #REF! | AA52: =IFERROR(__xludf.DUMMYFUNCTION("IF(query(Data!A:M,CONCATENATE(""select Col13 where Col1 = '"",C52,""' and Col8 = 'Transparency and Explainability'""),0)>70,1,0)"),"#REF!") -> #REF! | AB52: =COUNTIFS(Data!AF:AF,"1",Data!A:A,C52) -> 0 | AC52: =COUNTIFS(Data!X:X,">0",Data!A:A,C52) -> 0 | AD52: =COUNTIFS(Data!AJ:AJ,"12",Data!A:A,C52) -> 0 | AE52: =COUNTIFS(Data!AJ:AJ,"17",Data!A:A,C52) -> 0 | AF52: =COUNTIFS(Data!Y:Y,">0",Data!A:A,C52) -> 0 | AG52: =IF(COUNTIFS(Data!AO:AO,"1",Data!A:A,C52)>0,"Sí","No") -> No | AH52: =IFERROR(__xludf.DUMMYFUNCTION("IFERROR(query(query(Data!A:BS,CONCATENATE(""select Col50, count(Col49) where Col1 = '"",C52,""' group by Col50"")), CONCATENATE(""select Col1 where Col2 = "",query(query(query(Data!A:BS,CONCATENATE(""select Col50, count(Col49) where Col1 = '"",C52,""' and"&" Col50 <> 'Other' and Col50 is not null group by Col50"")),""select max(Col2)"",0),""Select *"",0),"" limit 1""),0))"),"") | AI52: =IFERROR(VLOOKUP(AH52,ref!$A:$B,2,FALSE),"") | AJ52: =IF(COUNTIFS(Data!BI:BI,"1",Data!A:A,C52)>0,"Sí","No") -> No | AK52: =IFERROR(__xludf.DUMMYFUNCTION("IFERROR(query(query(Data!A:BS,CONCATENATE(""select Col70, count(Col69) where Col1 = '"",C52,""' group by Col70"")), CONCATENATE(""select Col1 where Col2 = "",query(query(query(Data!A:BS,CONCATENATE(""select Col70, count(Col69) where Col1 = '"",C52,""' and"&" Col70 <> 'Other' and Col70 is not null group by Col70"")),""select max(Col2)"",0),""Select *"",0),"" limit 1""),0))"),"") | AL52: =IFERROR(VLOOKUP(AK52,ref!$A:$B,2,FALSE),"")
A53: 125 | B53: GMB | C53: Gambia | D53: Gambia | E53: África | F53: África | G53: África Subsahariana | H53: 0.99652432 | I53: 0 | J53: 2.4913108 | K53: 0 | L53: 0 | M53: 0 | N53: 6.3113333 | O53: Bajo | P53: Medio | Q53: Alto | R53: =XLOOKUP(max(L53:N53),L53:N53,$L$2:$N$2,"",0) -> cap | S53: =IFERROR(__xludf.DUMMYFUNCTION("IF(query(Data!A:M,CONCATENATE(""select Col13 where Col1 = '"",C53,""' and Col8 = 'Bias and Unfair Discrimination'""),0)>70,1,0)"),"#REF!") -> #REF! | T53: =IFERROR(__xludf.DUMMYFUNCTION("IF(query(Data!A:M,CONCATENATE(""select Col13 where Col1 = '"",C53,""' and Col8 = 'Childrens Rights'""),0)>70,1,0)"),"#REF!") -> #REF! | U53: =IFERROR(__xludf.DUMMYFUNCTION("IF(query(Data!A:M,CONCATENATE(""select Col13 where Col1 = '"",C53,""' and Col8 = 'Cultural and Linguistic Diversity'""),0)>70,1,0)"),"#REF!") -> #REF! | V53: =IFERROR(__xludf.DUMMYFUNCTION("IF(query(Data!A:M,CONCATENATE(""select Col13 where Col1 = '"",C53,""' and Col8 = 'Data Protection and Privacy'""),0)>70,1,0)"),"#REF!") -> #REF! | W53: =IFERROR(__xludf.DUMMYFUNCTION("IF(query(Data!A:M,CONCATENATE(""select Col13 where Col1 = '"",C53,""' and Col8 = 'Gender Equality'""),0)>70,1,0)"),"#REF!") -> #REF! | X53: =IFERROR(__xludf.DUMMYFUNCTION("IF(query(Data!A:M,CONCATENATE(""select Col13 where Col1 = '"",C53,""' and Col8 = 'Human Oversight and Determination'""),0)>70,1,0)"),"#REF!") -> #REF! | Y53: =IFERROR(__xludf.DUMMYFUNCTION("IF(query(Data!A:M,CONCATENATE(""select Col13 where Col1 = '"",C53,""' and Col8 = 'Labour Protection and Right to Work'""),0)>70,1,0)"),"#REF!") -> #REF! | Z53: =IFERROR(__xludf.DUMMYFUNCTION("IF(query(Data!A:M,CONCATENATE(""select Col13 where Col1 = '"",C53,""' and Col8 = 'Safety, Accuracy and Reliability'""),0)>70,1,0)"),"#REF!") -> #REF! | AA53: =IFERROR(__xludf.DUMMYFUNCTION("IF(query(Data!A:M,CONCATENATE(""select Col13 where Col1 = '"",C53,""' and Col8 = 'Transparency and Explainability'""),0)>70,1,0)"),"#REF!") -> #REF! | AB53: =COUNTIFS(Data!AF:AF,"1",Data!A:A,C53) -> 0 | AC53: =COUNTIFS(Data!X:X,">0",Data!A:A,C53) -> 0 | AD53: =COUNTIFS(Data!AJ:AJ,"12",Data!A:A,C53) -> 0 | AE53: =COUNTIFS(Data!AJ:AJ,"17",Data!A:A,C53) -> 0 | AF53: =COUNTIFS(Data!Y:Y,">0",Data!A:A,C53) -> 0 | AG53: =IF(COUNTIFS(Data!AO:AO,"1",Data!A:A,C53)>0,"Sí","No") -> No | AH53: =IFERROR(__xludf.DUMMYFUNCTION("IFERROR(query(query(Data!A:BS,CONCATENATE(""select Col50, count(Col49) where Col1 = '"",C53,""' group by Col50"")), CONCATENATE(""select Col1 where Col2 = "",query(query(query(Data!A:BS,CONCATENATE(""select Col50, count(Col49) where Col1 = '"",C53,""' and"&" Col50 <> 'Other' and Col50 is not null group by Col50"")),""select max(Col2)"",0),""Select *"",0),"" limit 1""),0))"),"") | AI53: =IFERROR(VLOOKUP(AH53,ref!$A:$B,2,FALSE),"") | AJ53: =IF(COUNTIFS(Data!BI:BI,"1",Data!A:A,C53)>0,"Sí","No") -> No | AK53: =IFERROR(__xludf.DUMMYFUNCTION("IFERROR(query(query(Data!A:BS,CONCATENATE(""select Col70, count(Col69) where Col1 = '"",C53,""' group by Col70"")), CONCATENATE(""select Col1 where Col2 = "",query(query(query(Data!A:BS,CONCATENATE(""select Col70, count(Col69) where Col1 = '"",C53,""' and"&" Col70 <> 'Other' and Col70 is not null group by Col70"")),""select max(Col2)"",0),""Select *"",0),"" limit 1""),0))"),"") | AL53: =IFERROR(VLOOKUP(AK53,ref!$A:$B,2,FALSE),"")
A54: 60 | B54: GEO | C54: Georgia | D54: Georgia | E54: Europa | F54: Asia | G54: Asia Occidental | H54: 17.832982 | I54: 28.30499 | J54: 7.9304247 | K54: 16.694079 | L54: 17.195714 | M54: 20.596889 | N54: 11.027 | O54: Alto | P54: Alto | Q54: Alto | R54: =XLOOKUP(max(L54:N54),L54:N54,$L$2:$N$2,"",0) -> gob | S54: =IFERROR(__xludf.DUMMYFUNCTION("IF(query(Data!A:M,CONCATENATE(""select Col13 where Col1 = '"",C54,""' and Col8 = 'Bias and Unfair Discrimination'""),0)>70,1,0)"),"#REF!") -> #REF! | T54: =IFERROR(__xludf.DUMMYFUNCTION("IF(query(Data!A:M,CONCATENATE(""select Col13 where Col1 = '"",C54,""' and Col8 = 'Childrens Rights'""),0)>70,1,0)"),"#REF!") -> #REF! | U54: =IFERROR(__xludf.DUMMYFUNCTION("IF(query(Data!A:M,CONCATENATE(""select Col13 where Col1 = '"",C54,""' and Col8 = 'Cultural and Linguistic Diversity'""),0)>70,1,0)"),"#REF!") -> #REF! | V54: =IFERROR(__xludf.DUMMYFUNCTION("IF(query(Data!A:M,CONCATENATE(""select Col13 where Col1 = '"",C54,""' and Col8 = 'Data Protection and Privacy'""),0)>70,1,0)"),"#REF!") -> #REF! | W54: =IFERROR(__xludf.DUMMYFUNCTION("IF(query(Data!A:M,CONCATENATE(""select Col13 where Col1 = '"",C54,""' and Col8 = 'Gender Equality'""),0)>70,1,0)"),"#REF!") -> #REF! | X54: =IFERROR(__xludf.DUMMYFUNCTION("IF(query(Data!A:M,CONCATENATE(""select Col13 where Col1 = '"",C54,""' and Col8 = 'Human Oversight and Determination'""),0)>70,1,0)"),"#REF!") -> #REF! | Y54: =IFERROR(__xludf.DUMMYFUNCTION("IF(query(Data!A:M,CONCATENATE(""select Col13 where Col1 = '"",C54,""' and Col8 = 'Labour Protection and Right to Work'""),0)>70,1,0)"),"#REF!") -> #REF! | Z54: =IFERROR(__xludf.DUMMYFUNCTION("IF(query(Data!A:M,CONCATENATE(""select Col13 where Col1 = '"",C54,""' and Col8 = 'Safety, Accuracy and Reliability'""),0)>70,1,0)"),"#REF!") -> #REF! | AA54: =IFERROR(__xludf.DUMMYFUNCTION("IF(query(Data!A:M,CONCATENATE(""select Col13 where Col1 = '"",C54,""' and Col8 = 'Transparency and Explainability'""),0)>70,1,0)"),"#REF!") -> #REF! | AB54: =COUNTIFS(Data!AF:AF,"1",Data!A:A,C54) -> 0 | AC54: =COUNTIFS(Data!X:X,">0",Data!A:A,C54) -> 0 | AD54: =COUNTIFS(Data!AJ:AJ,"12",Data!A:A,C54) -> 0 | AE54: =COUNTIFS(Data!AJ:AJ,"17",Data!A:A,C54) -> 0 | AF54: =COUNTIFS(Data!Y:Y,">0",Data!A:A,C54) -> 0 | AG54: =IF(COUNTIFS(Data!AO:AO,"1",Data!A:A,C54)>0,"Sí","No") -> No | AH54: =IFERROR(__xludf.DUMMYFUNCTION("IFERROR(query(query(Data!A:BS,CONCATENATE(""select Col50, count(Col49) where Col1 = '"",C54,""' group by Col50"")), CONCATENATE(""select Col1 where Col2 = "",query(query(query(Data!A:BS,CONCATENATE(""select Col50, count(Col49) where Col1 = '"",C54,""' and"&" Col50 <> 'Other' and Col50 is not null group by Col50"")),""select max(Col2)"",0),""Select *"",0),"" limit 1""),0))"),"") | AI54: =IFERROR(VLOOKUP(AH54,ref!$A:$B,2,FALSE),"") | AJ54: =IF(COUNTIFS(Data!BI:BI,"1",Data!A:A,C54)>0,"Sí","No") -> No | AK54: =IFERROR(__xludf.DUMMYFUNCTION("IFERROR(query(query(Data!A:BS,CONCATENATE(""select Col70, count(Col69) where Col1 = '"",C54,""' group by Col70"")), CONCATENATE(""select Col1 where Col2 = "",query(query(query(Data!A:BS,CONCATENATE(""select Col70, count(Col69) where Col1 = '"",C54,""' and"&" Col70 <> 'Other' and Col70 is not null group by Col70"")),""select max(Col2)"",0),""Select *"",0),"" limit 1""),0))"),"") | AL54: =IFERROR(VLOOKUP(AK54,ref!$A:$B,2,FALSE),"")
A55: 86 | B55: GHA | C55: Ghana | D55: Ghana | E55: África | F55: África | G55: África Subsahariana | H55: 6.2571996 | I55: 0 | J55: 9.392999 | K55: 12.5 | L55: 0.84828571 | M55: 10.000444 | N55: 7.6486667 | O55: Alto | P55: Alto | Q55: Muy alto | R55: =XLOOKUP(max(L55:N55),L55:N55,$L$2:$N$2,"",0) -> gob | S55: =IFERROR(__xludf.DUMMYFUNCTION("IF(query(Data!A:M,CONCATENATE(""select Col13 where Col1 = '"",C55,""' and Col8 = 'Bias and Unfair Discrimination'""),0)>70,1,0)"),"#REF!") -> #REF! | T55: =IFERROR(__xludf.DUMMYFUNCTION("IF(query(Data!A:M,CONCATENATE(""select Col13 where Col1 = '"",C55,""' and Col8 = 'Childrens Rights'""),0)>70,1,0)"),"#REF!") -> #REF! | U55: =IFERROR(__xludf.DUMMYFUNCTION("IF(query(Data!A:M,CONCATENATE(""select Col13 where Col1 = '"",C55,""' and Col8 = 'Cultural and Linguistic Diversity'""),0)>70,1,0)"),"#REF!") -> #REF! | V55: =IFERROR(__xludf.DUMMYFUNCTION("IF(query(Data!A:M,CONCATENATE(""select Col13 where Col1 = '"",C55,""' and Col8 = 'Data Protection and Privacy'""),0)>70,1,0)"),"#REF!") -> #REF! | W55: =IFERROR(__xludf.DUMMYFUNCTION("IF(query(Data!A:M,CONCATENATE(""select Col13 where Col1 = '"",C55,""' and Col8 = 'Gender Equality'""),0)>70,1,0)"),"#REF!") -> #REF! | X55: =IFERROR(__xludf.DUMMYFUNCTION("IF(query(Data!A:M,CONCATENATE(""select Col13 where Col1 = '"",C55,""' and Col8 = 'Human Oversight and Determination'""),0)>70,1,0)"),"#REF!") -> #REF! | Y55: =IFERROR(__xludf.DUMMYFUNCTION("IF(query(Data!A:M,CONCATENATE(""select Col13 where Col1 = '"",C55,""' and Col8 = 'Labour Protection and Right to Work'""),0)>70,1,0)"),"#REF!") -> #REF! | Z55: =IFERROR(__xludf.DUMMYFUNCTION("IF(query(Data!A:M,CONCATENATE(""select Col13 where Col1 = '"",C55,""' and Col8 = 'Safety, Accuracy and Reliability'""),0)>70,1,0)"),"#REF!") -> #REF! | AA55: =IFERROR(__xludf.DUMMYFUNCTION("IF(query(Data!A:M,CONCATENATE(""select Col13 where Col1 = '"",C55,""' and Col8 = 'Transparency and Explainability'""),0)>70,1,0)"),"#REF!") -> #REF! | AB55: =COUNTIFS(Data!AF:AF,"1",Data!A:A,C55) -> 0 | AC55: =COUNTIFS(Data!X:X,">0",Data!A:A,C55) -> 0 | AD55: =COUNTIFS(Data!AJ:AJ,"12",Data!A:A,C55) -> 0 | AE55: =COUNTIFS(Data!AJ:AJ,"17",Data!A:A,C55) -> 0 | AF55: =COUNTIFS(Data!Y:Y,">0",Data!A:A,C55) -> 0 | AG55: =IF(COUNTIFS(Data!AO:AO,"1",Data!A:A,C55)>0,"Sí","No") -> No | AH55: =IFERROR(__xludf.DUMMYFUNCTION("IFERROR(query(query(Data!A:BS,CONCATENATE(""select Col50, count(Col49) where Col1 = '"",C55,""' group by Col50"")), CONCATENATE(""select Col1 where Col2 = "",query(query(query(Data!A:BS,CONCATENATE(""select Col50, count(Col49) where Col1 = '"",C55,""' and"&" Col50 <> 'Other' and Col50 is not null group by Col50"")),""select max(Col2)"",0),""Select *"",0),"" limit 1""),0))"),"") | AI55: =IFERROR(VLOOKUP(AH55,ref!$A:$B,2,FALSE),"") | AJ55: =IF(COUNTIFS(Data!BI:BI,"1",Data!A:A,C55)>0,"Sí","No") -> No | AK55: =IFERROR(__xludf.DUMMYFUNCTION("IFERROR(query(query(Data!A:BS,CONCATENATE(""select Col70, count(Col69) where Col1 = '"",C55,""' group by Col70"")), CONCATENATE(""select Col1 where Col2 = "",query(query(query(Data!A:BS,CONCATENATE(""select Col70, count(Col69) where Col1 = '"",C55,""' and"&" Col70 <> 'Other' and Col70 is not null group by Col70"")),""select max(Col2)"",0),""Select *"",0),"" limit 1""),0))"),"") | AL55: =IFERROR(VLOOKUP(AK55,ref!$A:$B,2,FALSE),"")
A56: 28 | B56: GRC | C56: Greece | D56: Grecia | E56: Europa | F56: Europa | G56: Europa del Sur | H56: 35.85669 | I56: 53.612213 | J56: 21.350236 | K56: 29.358553 | L56: 31.144286 | M56: 42.245889 | N56: 27.686 | O56: Alto | P56: Alto | Q56: Muy alto | R56: =XLOOKUP(max(L56:N56),L56:N56,$L$2:$N$2,"",0) -> gob | S56: =IFERROR(__xludf.DUMMYFUNCTION("IF(query(Data!A:M,CONCATENATE(""select Col13 where Col1 = '"",C56,""' and Col8 = 'Bias and Unfair Discrimination'""),0)>70,1,0)"),"#REF!") -> #REF! | T56: =IFERROR(__xludf.DUMMYFUNCTION("IF(query(Data!A:M,CONCATENATE(""select Col13 where Col1 = '"",C56,""' and Col8 = 'Childrens Rights'""),0)>70,1,0)"),"#REF!") -> #REF! | U56: =IFERROR(__xludf.DUMMYFUNCTION("IF(query(Data!A:M,CONCATENATE(""select Col13 where Col1 = '"",C56,""' and Col8 = 'Cultural and Linguistic Diversity'""),0)>70,1,0)"),"#REF!") -> #REF! | V56: =IFERROR(__xludf.DUMMYFUNCTION("IF(query(Data!A:M,CONCATENATE(""select Col13 where Col1 = '"",C56,""' and Col8 = 'Data Protection and Privacy'""),0)>70,1,0)"),"#REF!") -> #REF! | W56: =IFERROR(__xludf.DUMMYFUNCTION("IF(query(Data!A:M,CONCATENATE(""select Col13 where Col1 = '"",C56,""' and Col8 = 'Gender Equality'""),0)>70,1,0)"),"#REF!") -> #REF! | X56: =IFERROR(__xludf.DUMMYFUNCTION("IF(query(Data!A:M,CONCATENATE(""select Col13 where Col1 = '"",C56,""' and Col8 = 'Human Oversight and Determination'""),0)>70,1,0)"),"#REF!") -> #REF! | Y56: =IFERROR(__xludf.DUMMYFUNCTION("IF(query(Data!A:M,CONCATENATE(""select Col13 where Col1 = '"",C56,""' and Col8 = 'Labour Protection and Right to Work'""),0)>70,1,0)"),"#REF!") -> #REF! | Z56: =IFERROR(__xludf.DUMMYFUNCTION("IF(query(Data!A:M,CONCATENATE(""select Col13 where Col1 = '"",C56,""' and Col8 = 'Safety, Accuracy and Reliability'""),0)>70,1,0)"),"#REF!") -> #REF! | AA56: =IFERROR(__xludf.DUMMYFUNCTION("IF(query(Data!A:M,CONCATENATE(""select Col13 where Col1 = '"",C56,""' and Col8 = 'Transparency and Explainability'""),0)>70,1,0)"),"#REF!") -> #REF! | AB56: =COUNTIFS(Data!AF:AF,"1",Data!A:A,C56) -> 0 | AC56: =COUNTIFS(Data!X:X,">0",Data!A:A,C56) -> 0 | AD56: =COUNTIFS(Data!AJ:AJ,"12",Data!A:A,C56) -> 0 | AE56: =COUNTIFS(Data!AJ:AJ,"17",Data!A:A,C56) -> 0 | AF56: =COUNTIFS(Data!Y:Y,">0",Data!A:A,C56) -> 0 | AG56: =IF(COUNTIFS(Data!AO:AO,"1",Data!A:A,C56)>0,"Sí","No") -> No | AH56: =IFERROR(__xludf.DUMMYFUNCTION("IFERROR(query(query(Data!A:BS,CONCATENATE(""select Col50, count(Col49) where Col1 = '"",C56,""' group by Col50"")), CONCATENATE(""select Col1 where Col2 = "",query(query(query(Data!A:BS,CONCATENATE(""select Col50, count(Col49) where Col1 = '"",C56,""' and"&" Col50 <> 'Other' and Col50 is not null group by Col50"")),""select max(Col2)"",0),""Select *"",0),"" limit 1""),0))"),"") | AI56: =IFERROR(VLOOKUP(AH56,ref!$A:$B,2,FALSE),"") | AJ56: =IF(COUNTIFS(Data!BI:BI,"1",Data!A:A,C56)>0,"Sí","No") -> No | AK56: =IFERROR(__xludf.DUMMYFUNCTION("IFERROR(query(query(Data!A:BS,CONCATENATE(""select Col70, count(Col69) where Col1 = '"",C56,""' group by Col70"")), CONCATENATE(""select Col1 where Col2 = "",query(query(query(Data!A:BS,CONCATENATE(""select Col70, count(Col69) where Col1 = '"",C56,""' and"&" Col70 <> 'Other' and Col70 is not null group by Col70"")),""select max(Col2)"",0),""Select *"",0),"" limit 1""),0))"),"") | AL56: =IFERROR(VLOOKUP(AK56,ref!$A:$B,2,FALSE),"")
A57: 118 | B57: GTM | C57: Guatemala | D57: Guatemala | E57: América del Sur y Central | F57: América | G57: América Latina y el Caribe | H57: 1.4174528 | I57: 0 | J57: 3.5436321 | K57: 0 | L57: 2.025 | M57: 0 | N57: 4.2523333 | O57: Bajo | P57: Muy bajo | Q57: Alto | R57: =XLOOKUP(max(L57:N57),L57:N57,$L$2:$N$2,"",0) -> cap | S57: =IFERROR(__xludf.DUMMYFUNCTION("IF(query(Data!A:M,CONCATENATE(""select Col13 where Col1 = '"",C57,""' and Col8 = 'Bias and Unfair Discrimination'""),0)>70,1,0)"),"#REF!") -> #REF! | T57: =IFERROR(__xludf.DUMMYFUNCTION("IF(query(Data!A:M,CONCATENATE(""select Col13 where Col1 = '"",C57,""' and Col8 = 'Childrens Rights'""),0)>70,1,0)"),"#REF!") -> #REF! | U57: =IFERROR(__xludf.DUMMYFUNCTION("IF(query(Data!A:M,CONCATENATE(""select Col13 where Col1 = '"",C57,""' and Col8 = 'Cultural and Linguistic Diversity'""),0)>70,1,0)"),"#REF!") -> #REF! | V57: =IFERROR(__xludf.DUMMYFUNCTION("IF(query(Data!A:M,CONCATENATE(""select Col13 where Col1 = '"",C57,""' and Col8 = 'Data Protection and Privacy'""),0)>70,1,0)"),"#REF!") -> #REF! | W57: =IFERROR(__xludf.DUMMYFUNCTION("IF(query(Data!A:M,CONCATENATE(""select Col13 where Col1 = '"",C57,""' and Col8 = 'Gender Equality'""),0)>70,1,0)"),"#REF!") -> #REF! | X57: =IFERROR(__xludf.DUMMYFUNCTION("IF(query(Data!A:M,CONCATENATE(""select Col13 where Col1 = '"",C57,""' and Col8 = 'Human Oversight and Determination'""),0)>70,1,0)"),"#REF!") -> #REF! | Y57: =IFERROR(__xludf.DUMMYFUNCTION("IF(query(Data!A:M,CONCATENATE(""select Col13 where Col1 = '"",C57,""' and Col8 = 'Labour Protection and Right to Work'""),0)>70,1,0)"),"#REF!") -> #REF! | Z57: =IFERROR(__xludf.DUMMYFUNCTION("IF(query(Data!A:M,CONCATENATE(""select Col13 where Col1 = '"",C57,""' and Col8 = 'Safety, Accuracy and Reliability'""),0)>70,1,0)"),"#REF!") -> #REF! | AA57: =IFERROR(__xludf.DUMMYFUNCTION("IF(query(Data!A:M,CONCATENATE(""select Col13 where Col1 = '"",C57,""' and Col8 = 'Transparency and Explainability'""),0)>70,1,0)"),"#REF!") -> #REF! | AB57: =COUNTIFS(Data!AF:AF,"1",Data!A:A,C57) -> 0 | AC57: =COUNTIFS(Data!X:X,">0",Data!A:A,C57) -> 0 | AD57: =COUNTIFS(Data!AJ:AJ,"12",Data!A:A,C57) -> 0 | AE57: =COUNTIFS(Data!AJ:AJ,"17",Data!A:A,C57) -> 0 | AF57: =COUNTIFS(Data!Y:Y,">0",Data!A:A,C57) -> 0 | AG57: =IF(COUNTIFS(Data!AO:AO,"1",Data!A:A,C57)>0,"Sí","No") -> No | AH57: =IFERROR(__xludf.DUMMYFUNCTION("IFERROR(query(query(Data!A:BS,CONCATENATE(""select Col50, count(Col49) where Col1 = '"",C57,""' group by Col50"")), CONCATENATE(""select Col1 where Col2 = "",query(query(query(Data!A:BS,CONCATENATE(""select Col50, count(Col49) where Col1 = '"",C57,""' and"&" Col50 <> 'Other' and Col50 is not null group by Col50"")),""select max(Col2)"",0),""Select *"",0),"" limit 1""),0))"),"") | AI57: =IFERROR(VLOOKUP(AH57,ref!$A:$B,2,FALSE),"") | AJ57: =IF(COUNTIFS(Data!BI:BI,"1",Data!A:A,C57)>0,"Sí","No") -> No | AK57: =IFERROR(__xludf.DUMMYFUNCTION("IFERROR(query(query(Data!A:BS,CONCATENATE(""select Col70, count(Col69) where Col1 = '"",C57,""' group by Col70"")), CONCATENATE(""select Col1 where Col2 = "",query(query(query(Data!A:BS,CONCATENATE(""select Col70, count(Col69) where Col1 = '"",C57,""' and"&" Col70 <> 'Other' and Col70 is not null group by Col70"")),""select max(Col2)"",0),""Select *"",0),"" limit 1""),0))"),"") | AL57: =IFERROR(VLOOKUP(AK57,ref!$A:$B,2,FALSE),"")
A58: 128 | B58: GIN | C58: Guinea | D58: Guinea | E58: África | F58: África | G58: África Subsahariana | H58: 0.71499504 | I58: 0 | J58: 1.7874876 | K58: 0 | L58: 0 | M58: 0 | N58: 4.5283333 | O58: Muy bajo | P58: Muy bajo | Q58: Medio | R58: =XLOOKUP(max(L58:N58),L58:N58,$L$2:$N$2,"",0) -> cap | S58: =IFERROR(__xludf.DUMMYFUNCTION("IF(query(Data!A:M,CONCATENATE(""select Col13 where Col1 = '"",C58,""' and Col8 = 'Bias and Unfair Discrimination'""),0)>70,1,0)"),"#REF!") -> #REF! | T58: =IFERROR(__xludf.DUMMYFUNCTION("IF(query(Data!A:M,CONCATENATE(""select Col13 where Col1 = '"",C58,""' and Col8 = 'Childrens Rights'""),0)>70,1,0)"),"#REF!") -> #REF! | U58: =IFERROR(__xludf.DUMMYFUNCTION("IF(query(Data!A:M,CONCATENATE(""select Col13 where Col1 = '"",C58,""' and Col8 = 'Cultural and Linguistic Diversity'""),0)>70,1,0)"),"#REF!") -> #REF! | V58: =IFERROR(__xludf.DUMMYFUNCTION("IF(query(Data!A:M,CONCATENATE(""select Col13 where Col1 = '"",C58,""' and Col8 = 'Data Protection and Privacy'""),0)>70,1,0)"),"#REF!") -> #REF! | W58: =IFERROR(__xludf.DUMMYFUNCTION("IF(query(Data!A:M,CONCATENATE(""select Col13 where Col1 = '"",C58,""' and Col8 = 'Gender Equality'""),0)>70,1,0)"),"#REF!") -> #REF! | X58: =IFERROR(__xludf.DUMMYFUNCTION("IF(query(Data!A:M,CONCATENATE(""select Col13 where Col1 = '"",C58,""' and Col8 = 'Human Oversight and Determination'""),0)>70,1,0)"),"#REF!") -> #REF! | Y58: =IFERROR(__xludf.DUMMYFUNCTION("IF(query(Data!A:M,CONCATENATE(""select Col13 where Col1 = '"",C58,""' and Col8 = 'Labour Protection and Right to Work'""),0)>70,1,0)"),"#REF!") -> #REF! | Z58: =IFERROR(__xludf.DUMMYFUNCTION("IF(query(Data!A:M,CONCATENATE(""select Col13 where Col1 = '"",C58,""' and Col8 = 'Safety, Accuracy and Reliability'""),0)>70,1,0)"),"#REF!") -> #REF! | AA58: =IFERROR(__xludf.DUMMYFUNCTION("IF(query(Data!A:M,CONCATENATE(""select Col13 where Col1 = '"",C58,""' and Col8 = 'Transparency and Explainability'""),0)>70,1,0)"),"#REF!") -> #REF! | AB58: =COUNTIFS(Data!AF:AF,"1",Data!A:A,C58) -> 0 | AC58: =COUNTIFS(Data!X:X,">0",Data!A:A,C58) -> 0 | AD58: =COUNTIFS(Data!AJ:AJ,"12",Data!A:A,C58) -> 0 | AE58: =COUNTIFS(Data!AJ:AJ,"17",Data!A:A,C58) -> 0 | AF58: =COUNTIFS(Data!Y:Y,">0",Data!A:A,C58) -> 0 | AG58: =IF(COUNTIFS(Data!AO:AO,"1",Data!A:A,C58)>0,"Sí","No") -> No | AH58: =IFERROR(__xludf.DUMMYFUNCTION("IFERROR(query(query(Data!A:BS,CONCATENATE(""select Col50, count(Col49) where Col1 = '"",C58,""' group by Col50"")), CONCATENATE(""select Col1 where Col2 = "",query(query(query(Data!A:BS,CONCATENATE(""select Col50, count(Col49) where Col1 = '"",C58,""' and"&" Col50 <> 'Other' and Col50 is not null group by Col50"")),""select max(Col2)"",0),""Select *"",0),"" limit 1""),0))"),"") | AI58: =IFERROR(VLOOKUP(AH58,ref!$A:$B,2,FALSE),"") | AJ58: =IF(COUNTIFS(Data!BI:BI,"1",Data!A:A,C58)>0,"Sí","No") -> No | AK58: =IFERROR(__xludf.DUMMYFUNCTION("IFERROR(query(query(Data!A:BS,CONCATENATE(""select Col70, count(Col69) where Col1 = '"",C58,""' group by Col70"")), CONCATENATE(""select Col1 where Col2 = "",query(query(query(Data!A:BS,CONCATENATE(""select Col70, count(Col69) where Col1 = '"",C58,""' and"&" Col70 <> 'Other' and Col70 is not null group by Col70"")),""select max(Col2)"",0),""Select *"",0),"" limit 1""),0))"),"") | AL58: =IFERROR(VLOOKUP(AK58,ref!$A:$B,2,FALSE),"")
A59: 89 | B59: GUY | C59: Guyana | D59: Guyana | E59: Caribe | F59: América | G59: América Latina y el Caribe | H59: 5.4157253 | I59: 0 | J59: 2.759434 | K59: 21.559759 | L59: 4.5014286 | M59: 3.5011111 | N59: 13.292667 | O59: Medio | P59: Medio | Q59: Muy alto | R59: =XLOOKUP(max(L59:N59),L59:N59,$L$2:$N$2,"",0) -> cap | S59: =IFERROR(__xludf.DUMMYFUNCTION("IF(query(Data!A:M,CONCATENATE(""select Col13 where Col1 = '"",C59,""' and Col8 = 'Bias and Unfair Discrimination'""),0)>70,1,0)"),"#REF!") -> #REF! | T59: =IFERROR(__xludf.DUMMYFUNCTION("IF(query(Data!A:M,CONCATENATE(""select Col13 where Col1 = '"",C59,""' and Col8 = 'Childrens Rights'""),0)>70,1,0)"),"#REF!") -> #REF! | U59: =IFERROR(__xludf.DUMMYFUNCTION("IF(query(Data!A:M,CONCATENATE(""select Col13 where Col1 = '"",C59,""' and Col8 = 'Cultural and Linguistic Diversity'""),0)>70,1,0)"),"#REF!") -> #REF! | V59: =IFERROR(__xludf.DUMMYFUNCTION("IF(query(Data!A:M,CONCATENATE(""select Col13 where Col1 = '"",C59,""' and Col8 = 'Data Protection and Privacy'""),0)>70,1,0)"),"#REF!") -> #REF! | W59: =IFERROR(__xludf.DUMMYFUNCTION("IF(query(Data!A:M,CONCATENATE(""select Col13 where Col1 = '"",C59,""' and Col8 = 'Gender Equality'""),0)>70,1,0)"),"#REF!") -> #REF! | X59: =IFERROR(__xludf.DUMMYFUNCTION("IF(query(Data!A:M,CONCATENATE(""select Col13 where Col1 = '"",C59,""' and Col8 = 'Human Oversight and Determination'""),0)>70,1,0)"),"#REF!") -> #REF! | Y59: =IFERROR(__xludf.DUMMYFUNCTION("IF(query(Data!A:M,CONCATENATE(""select Col13 where Col1 = '"",C59,""' and Col8 = 'Labour Protection and Right to Work'""),0)>70,1,0)"),"#REF!") -> #REF! | Z59: =IFERROR(__xludf.DUMMYFUNCTION("IF(query(Data!A:M,CONCATENATE(""select Col13 where Col1 = '"",C59,""' and Col8 = 'Safety, Accuracy and Reliability'""),0)>70,1,0)"),"#REF!") -> #REF! | AA59: =IFERROR(__xludf.DUMMYFUNCTION("IF(query(Data!A:M,CONCATENATE(""select Col13 where Col1 = '"",C59,""' and Col8 = 'Transparency and Explainability'""),0)>70,1,0)"),"#REF!") -> #REF! | AB59: =COUNTIFS(Data!AF:AF,"1",Data!A:A,C59) -> 0 | AC59: =COUNTIFS(Data!X:X,">0",Data!A:A,C59) -> 0 | AD59: =COUNTIFS(Data!AJ:AJ,"12",Data!A:A,C59) -> 0 | AE59: =COUNTIFS(Data!AJ:AJ,"17",Data!A:A,C59) -> 0 | AF59: =COUNTIFS(Data!Y:Y,">0",Data!A:A,C59) -> 0 | AG59: =IF(COUNTIFS(Data!AO:AO,"1",Data!A:A,C59)>0,"Sí","No") -> No | AH59: =IFERROR(__xludf.DUMMYFUNCTION("IFERROR(query(query(Data!A:BS,CONCATENATE(""select Col50, count(Col49) where Col1 = '"",C59,""' group by Col50"")), CONCATENATE(""select Col1 where Col2 = "",query(query(query(Data!A:BS,CONCATENATE(""select Col50, count(Col49) where Col1 = '"",C59,""' and"&" Col50 <> 'Other' and Col50 is not null group by Col50"")),""select max(Col2)"",0),""Select *"",0),"" limit 1""),0))"),"") | AI59: =IFERROR(VLOOKUP(AH59,ref!$A:$B,2,FALSE),"") | AJ59: =IF(COUNTIFS(Data!BI:BI,"1",Data!A:A,C59)>0,"Sí","No") -> No | AK59: =IFERROR(__xludf.DUMMYFUNCTION("IFERROR(query(query(Data!A:BS,CONCATENATE(""select Col70, count(Col69) where Col1 = '"",C59,""' group by Col70"")), CONCATENATE(""select Col1 where Col2 = "",query(query(query(Data!A:BS,CONCATENATE(""select Col70, count(Col69) where Col1 = '"",C59,""' and"&" Col70 <> 'Other' and Col70 is not null group by Col70"")),""select max(Col2)"",0),""Select *"",0),"" limit 1""),0))"),"") | AL59: =IFERROR(VLOOKUP(AK59,ref!$A:$B,2,FALSE),"")
A60: 129 | B60: HTI | C60: Haiti | D60: Haití | E60: Caribe | F60: América | G60: América Latina y el Caribe | H60: 0.71462264 | I60: 0 | J60: 1.2931356 | K60: 0.98684211 | L60: 0 | M60: 0 | N60: 4.526 | O60: Muy bajo | P60: Muy bajo | Q60: Medio | R60: =XLOOKUP(max(L60:N60),L60:N60,$L$2:$N$2,"",0) -> cap | S60: =IFERROR(__xludf.DUMMYFUNCTION("IF(query(Data!A:M,CONCATENATE(""select Col13 where Col1 = '"",C60,""' and Col8 = 'Bias and Unfair Discrimination'""),0)>70,1,0)"),"#REF!") -> #REF! | T60: =IFERROR(__xludf.DUMMYFUNCTION("IF(query(Data!A:M,CONCATENATE(""select Col13 where Col1 = '"",C60,""' and Col8 = 'Childrens Rights'""),0)>70,1,0)"),"#REF!") -> #REF! | U60: =IFERROR(__xludf.DUMMYFUNCTION("IF(query(Data!A:M,CONCATENATE(""select Col13 where Col1 = '"",C60,""' and Col8 = 'Cultural and Linguistic Diversity'""),0)>70,1,0)"),"#REF!") -> #REF! | V60: =IFERROR(__xludf.DUMMYFUNCTION("IF(query(Data!A:M,CONCATENATE(""select Col13 where Col1 = '"",C60,""' and Col8 = 'Data Protection and Privacy'""),0)>70,1,0)"),"#REF!") -> #REF! | W60: =IFERROR(__xludf.DUMMYFUNCTION("IF(query(Data!A:M,CONCATENATE(""select Col13 where Col1 = '"",C60,""' and Col8 = 'Gender Equality'""),0)>70,1,0)"),"#REF!") -> #REF! | X60: =IFERROR(__xludf.DUMMYFUNCTION("IF(query(Data!A:M,CONCATENATE(""select Col13 where Col1 = '"",C60,""' and Col8 = 'Human Oversight and Determination'""),0)>70,1,0)"),"#REF!") -> #REF! | Y60: =IFERROR(__xludf.DUMMYFUNCTION("IF(query(Data!A:M,CONCATENATE(""select Col13 where Col1 = '"",C60,""' and Col8 = 'Labour Protection and Right to Work'""),0)>70,1,0)"),"#REF!") -> #REF! | Z60: =IFERROR(__xludf.DUMMYFUNCTION("IF(query(Data!A:M,CONCATENATE(""select Col13 where Col1 = '"",C60,""' and Col8 = 'Safety, Accuracy and Reliability'""),0)>70,1,0)"),"#REF!") -> #REF! | AA60: =IFERROR(__xludf.DUMMYFUNCTION("IF(query(Data!A:M,CONCATENATE(""select Col13 where Col1 = '"",C60,""' and Col8 = 'Transparency and Explainability'""),0)>70,1,0)"),"#REF!") -> #REF! | AB60: =COUNTIFS(Data!AF:AF,"1",Data!A:A,C60) -> 0 | AC60: =COUNTIFS(Data!X:X,">0",Data!A:A,C60) -> 0 | AD60: =COUNTIFS(Data!AJ:AJ,"12",Data!A:A,C60) -> 0 | AE60: =COUNTIFS(Data!AJ:AJ,"17",Data!A:A,C60) -> 0 | AF60: =COUNTIFS(Data!Y:Y,">0",Data!A:A,C60) -> 0 | AG60: =IF(COUNTIFS(Data!AO:AO,"1",Data!A:A,C60)>0,"Sí","No") -> No | AH60: =IFERROR(__xludf.DUMMYFUNCTION("IFERROR(query(query(Data!A:BS,CONCATENATE(""select Col50, count(Col49) where Col1 = '"",C60,""' group by Col50"")), CONCATENATE(""select Col1 where Col2 = "",query(query(query(Data!A:BS,CONCATENATE(""select Col50, count(Col49) where Col1 = '"",C60,""' and"&" Col50 <> 'Other' and Col50 is not null group by Col50"")),""select max(Col2)"",0),""Select *"",0),"" limit 1""),0))"),"") | AI60: =IFERROR(VLOOKUP(AH60,ref!$A:$B,2,FALSE),"") | AJ60: =IF(COUNTIFS(Data!BI:BI,"1",Data!A:A,C60)>0,"Sí","No") -> No | AK60: =IFERROR(__xludf.DUMMYFUNCTION("IFERROR(query(query(Data!A:BS,CONCATENATE(""select Col70, count(Col69) where Col1 = '"",C60,""' group by Col70"")), CONCATENATE(""select Col1 where Col2 = "",query(query(query(Data!A:BS,CONCATENATE(""select Col70, count(Col69) where Col1 = '"",C60,""' and"&" Col70 <> 'Other' and Col70 is not null group by Col70"")),""select max(Col2)"",0),""Select *"",0),"" limit 1""),0))"),"") | AL60: =IFERROR(VLOOKUP(AK60,ref!$A:$B,2,FALSE),"")
A61: 127 | B61: HND | C61: Honduras | D61: Honduras | E61: América del Sur y Central | F61: América | G61: América Latina y el Caribe | H61: 0.74515888 | I61: 0 | J61: 1.8628972 | K61: 0 | L61: 0 | M61: 0 | N61: 4.7193333 | O61: Bajo | P61: Muy bajo | Q61: Alto | R61: =XLOOKUP(max(L61:N61),L61:N61,$L$2:$N$2,"",0) -> cap | S61: =IFERROR(__xludf.DUMMYFUNCTION("IF(query(Data!A:M,CONCATENATE(""select Col13 where Col1 = '"",C61,""' and Col8 = 'Bias and Unfair Discrimination'""),0)>70,1,0)"),"#REF!") -> #REF! | T61: =IFERROR(__xludf.DUMMYFUNCTION("IF(query(Data!A:M,CONCATENATE(""select Col13 where Col1 = '"",C61,""' and Col8 = 'Childrens Rights'""),0)>70,1,0)"),"#REF!") -> #REF! | U61: =IFERROR(__xludf.DUMMYFUNCTION("IF(query(Data!A:M,CONCATENATE(""select Col13 where Col1 = '"",C61,""' and Col8 = 'Cultural and Linguistic Diversity'""),0)>70,1,0)"),"#REF!") -> #REF! | V61: =IFERROR(__xludf.DUMMYFUNCTION("IF(query(Data!A:M,CONCATENATE(""select Col13 where Col1 = '"",C61,""' and Col8 = 'Data Protection and Privacy'""),0)>70,1,0)"),"#REF!") -> #REF! | W61: =IFERROR(__xludf.DUMMYFUNCTION("IF(query(Data!A:M,CONCATENATE(""select Col13 where Col1 = '"",C61,""' and Col8 = 'Gender Equality'""),0)>70,1,0)"),"#REF!") -> #REF! | X61: =IFERROR(__xludf.DUMMYFUNCTION("IF(query(Data!A:M,CONCATENATE(""select Col13 where Col1 = '"",C61,""' and Col8 = 'Human Oversight and Determination'""),0)>70,1,0)"),"#REF!") -> #REF! | Y61: =IFERROR(__xludf.DUMMYFUNCTION("IF(query(Data!A:M,CONCATENATE(""select Col13 where Col1 = '"",C61,""' and Col8 = 'Labour Protection and Right to Work'""),0)>70,1,0)"),"#REF!") -> #REF! | Z61: =IFERROR(__xludf.DUMMYFUNCTION("IF(query(Data!A:M,CONCATENATE(""select Col13 where Col1 = '"",C61,""' and Col8 = 'Safety, Accuracy and Reliability'""),0)>70,1,0)"),"#REF!") -> #REF! | AA61: =IFERROR(__xludf.DUMMYFUNCTION("IF(query(Data!A:M,CONCATENATE(""select Col13 where Col1 = '"",C61,""' and Col8 = 'Transparency and Explainability'""),0)>70,1,0)"),"#REF!") -> #REF! | AB61: =COUNTIFS(Data!AF:AF,"1",Data!A:A,C61) -> 0 | AC61: =COUNTIFS(Data!X:X,">0",Data!A:A,C61) -> 0 | AD61: =COUNTIFS(Data!AJ:AJ,"12",Data!A:A,C61) -> 0 | AE61: =COUNTIFS(Data!AJ:AJ,"17",Data!A:A,C61) -> 0 | AF61: =COUNTIFS(Data!Y:Y,">0",Data!A:A,C61) -> 0 | AG61: =IF(COUNTIFS(Data!AO:AO,"1",Data!A:A,C61)>0,"Sí","No") -> No | AH61: =IFERROR(__xludf.DUMMYFUNCTION("IFERROR(query(query(Data!A:BS,CONCATENATE(""select Col50, count(Col49) where Col1 = '"",C61,""' group by Col50"")), CONCATENATE(""select Col1 where Col2 = "",query(query(query(Data!A:BS,CONCATENATE(""select Col50, count(Col49) where Col1 = '"",C61,""' and"&" Col50 <> 'Other' and Col50 is not null group by Col50"")),""select max(Col2)"",0),""Select *"",0),"" limit 1""),0))"),"") | AI61: =IFERROR(VLOOKUP(AH61,ref!$A:$B,2,FALSE),"") | AJ61: =IF(COUNTIFS(Data!BI:BI,"1",Data!A:A,C61)>0,"Sí","No") -> No | AK61: =IFERROR(__xludf.DUMMYFUNCTION("IFERROR(query(query(Data!A:BS,CONCATENATE(""select Col70, count(Col69) where Col1 = '"",C61,""' group by Col70"")), CONCATENATE(""select Col1 where Col2 = "",query(query(query(Data!A:BS,CONCATENATE(""select Col70, count(Col69) where Col1 = '"",C61,""' and"&" Col70 <> 'Other' and Col70 is not null group by Col70"")),""select max(Col2)"",0),""Select *"",0),"" limit 1""),0))"),"") | AL61: =IFERROR(VLOOKUP(AK61,ref!$A:$B,2,FALSE),"")
